frame,track_id,class_name,warning_type,x1,y1,x2,y2
0,1,car,FRONT OBJECT,287.3,236.5,310.4,252.9
0,3,car,FRONT OBJECT,322.1,236.3,342.9,255.5
1,1,car,FRONT OBJECT,287.1,236.4,310.3,252.9
1,3,car,FRONT OBJECT,321.0,234.5,343.6,255.5
2,1,car,FRONT OBJECT,286.8,236.3,310.4,252.9
3,1,car,FRONT OBJECT,286.7,236.3,310.4,253.1
3,4,person,PEDESTRIAN RISK,228.2,232.2,242.1,267.8
4,1,car,FRONT OBJECT,286.3,236.4,310.2,253.3
4,4,person,PEDESTRIAN RISK,227.4,231.8,241.3,267.5
5,1,car,FRONT OBJECT,286.2,236.5,310.1,253.5
5,4,person,PEDESTRIAN RISK,226.5,231.2,240.6,267.4
5,5,person,PEDESTRIAN RISK,248.8,235.0,258.3,257.7
6,1,car,FRONT OBJECT,286.1,237.1,309.4,253.7
6,5,person,PEDESTRIAN RISK,248.4,234.8,257.7,257.4
6,3,car,FRONT OBJECT,322.6,240.7,339.3,255.8
7,1,car,FRONT OBJECT,285.9,237.3,309.1,253.9
7,5,person,PEDESTRIAN RISK,248.1,234.7,257.4,257.2
7,3,car,FRONT OBJECT,322.8,241.9,338.7,256.0
8,1,car,FRONT OBJECT,285.2,236.9,309.0,253.9
8,5,person,PEDESTRIAN RISK,247.8,235.9,256.9,257.7
8,3,car,FRONT OBJECT,322.7,242.4,338.5,256.0
9,1,car,FRONT OBJECT,284.8,236.5,309.0,253.9
9,5,person,PEDESTRIAN RISK,247.3,236.4,256.2,257.9
9,3,car,FRONT OBJECT,322.3,242.5,338.5,256.2
10,1,car,FRONT OBJECT,284.5,236.8,308.5,254.1
10,5,person,PEDESTRIAN RISK,246.7,236.7,255.6,257.9
10,3,car,FRONT OBJECT,321.3,241.5,339.3,256.5
11,1,car,FRONT OBJECT,284.5,236.9,308.1,254.1
11,5,person,PEDESTRIAN RISK,246.2,236.8,255.0,258.0
11,3,car,FRONT OBJECT,320.5,240.7,339.9,256.8
11,6,person,PEDESTRIAN RISK,423.9,239.3,434.6,265.2
12,1,car,FRONT OBJECT,283.9,236.9,307.7,254.3
12,5,person,PEDESTRIAN RISK,245.4,236.7,254.4,258.4
12,3,car,FRONT OBJECT,320.1,240.5,340.1,257.1
12,6,person,PEDESTRIAN RISK,424.2,239.5,435.1,265.8
13,1,car,FRONT OBJECT,283.7,237.0,307.3,254.4
13,5,person,PEDESTRIAN RISK,244.8,236.4,254.1,258.6
13,3,car,FRONT OBJECT,319.9,240.6,340.1,257.2
13,6,person,PEDESTRIAN RISK,424.8,239.2,435.8,265.7
13,8,person,PEDESTRIAN RISK,417.2,242.9,425.7,265.1
14,1,car,FRONT OBJECT,283.0,236.8,306.9,254.5
14,5,person,PEDESTRIAN RISK,244.4,236.2,253.6,258.1
14,3,car,FRONT OBJECT,319.7,240.9,339.9,257.4
14,6,person,PEDESTRIAN RISK,425.3,239.0,436.3,265.4
14,8,person,PEDESTRIAN RISK,417.6,242.2,426.3,264.7
15,1,car,FRONT OBJECT,282.7,236.7,306.7,254.5
15,5,person,PEDESTRIAN RISK,243.9,236.2,253.3,258.4
15,3,car,FRONT OBJECT,319.6,241.3,339.8,257.6
15,6,person,PEDESTRIAN RISK,426.9,239.2,437.7,265.3
15,8,person,PEDESTRIAN RISK,419.1,241.0,428.8,266.2
16,1,car,FRONT OBJECT,282.4,236.6,306.6,254.6
16,5,person,PEDESTRIAN RISK,243.5,236.1,253.0,258.4
16,3,car,FRONT OBJECT,319.3,241.5,339.7,257.9
16,6,person,PEDESTRIAN RISK,427.4,239.4,438.3,265.9
17,1,car,FRONT OBJECT,282.1,236.6,306.5,254.7
17,5,person,PEDESTRIAN RISK,242.8,235.8,252.6,259.0
17,3,car,FRONT OBJECT,318.9,241.4,339.8,258.2
17,6,person,PEDESTRIAN RISK,428.0,240.1,438.8,266.3
17,8,person,PEDESTRIAN RISK,420.4,241.3,430.0,266.2
18,1,car,FRONT OBJECT,281.5,236.7,306.2,254.9
18,5,person,PEDESTRIAN RISK,242.2,235.8,252.2,259.2
18,3,car,FRONT OBJECT,318.4,241.4,339.7,258.3
19,1,car,FRONT OBJECT,281.2,236.8,305.8,255.0
19,5,person,PEDESTRIAN RISK,241.5,235.7,251.7,259.3
19,3,car,FRONT OBJECT,318.0,241.3,339.7,258.5
19,8,person,PEDESTRIAN RISK,421.1,241.9,430.2,265.4
20,1,car,FRONT OBJECT,280.7,236.9,305.2,255.0
20,5,person,PEDESTRIAN RISK,240.7,235.5,251.1,259.5
20,3,car,FRONT OBJECT,317.6,241.6,339.3,258.6
20,8,person,PEDESTRIAN RISK,421.7,242.7,430.9,266.3
21,1,car,FRONT OBJECT,280.4,236.9,304.8,255.1
21,5,person,PEDESTRIAN RISK,240.3,235.8,250.6,259.4
21,3,car,FRONT OBJECT,317.3,241.7,339.2,258.7
22,1,car,FRONT OBJECT,279.5,237.0,304.0,255.3
22,5,person,PEDESTRIAN RISK,239.7,236.1,250.0,259.5
22,3,car,FRONT OBJECT,315.7,239.2,340.4,258.6
22,8,person,PEDESTRIAN RISK,423.3,243.6,432.9,267.9
23,1,car,FRONT OBJECT,279.0,236.9,303.5,255.4
23,5,person,PEDESTRIAN RISK,239.2,236.4,249.6,259.8
23,3,car,FRONT OBJECT,315.4,239.0,340.1,258.6
23,8,person,PEDESTRIAN RISK,424.1,243.9,433.8,268.2
24,1,car,FRONT OBJECT,278.8,237.2,303.0,255.5
24,3,car,FRONT OBJECT,314.5,237.7,340.6,258.7
24,8,person,PEDESTRIAN RISK,424.6,243.9,434.6,268.4
25,1,car,FRONT OBJECT,278.7,237.4,302.6,255.6
25,3,car,FRONT OBJECT,315.0,239.0,339.6,258.9
25,8,person,PEDESTRIAN RISK,424.8,244.4,434.7,268.4
26,1,car,FRONT OBJECT,278.3,237.6,302.2,256.0
26,3,car,FRONT OBJECT,315.7,241.0,338.2,259.0
26,8,person,PEDESTRIAN RISK,426.0,244.6,436.8,270.4
26,5,person,PEDESTRIAN RISK,236.9,236.2,247.9,260.6
27,1,car,FRONT OBJECT,278.0,237.7,301.8,256.1
27,3,car,FRONT OBJECT,315.8,241.7,337.7,259.1
27,8,person,PEDESTRIAN RISK,426.7,244.3,438.1,271.4
27,5,person,PEDESTRIAN RISK,236.2,236.4,247.3,260.9
28,1,car,FRONT OBJECT,277.4,237.9,301.3,256.5
28,3,car,FRONT OBJECT,315.2,241.7,337.5,259.4
28,8,person,PEDESTRIAN RISK,427.7,245.1,439.1,271.9
28,5,person,PEDESTRIAN RISK,235.6,236.7,246.4,260.6
29,1,car,FRONT OBJECT,276.9,238.1,300.7,256.6
29,3,car,FRONT OBJECT,314.4,241.3,337.6,259.6
29,8,person,PEDESTRIAN RISK,428.1,245.7,439.6,272.3
29,5,person,PEDESTRIAN RISK,234.5,236.5,245.5,260.4
30,1,car,FRONT OBJECT,275.7,238.0,300.0,257.0
30,3,car,FRONT OBJECT,313.6,240.9,337.5,260.0
30,8,person,PEDESTRIAN RISK,428.5,246.2,439.7,272.3
30,5,person,PEDESTRIAN RISK,233.4,237.1,244.8,261.3
31,1,car,FRONT OBJECT,275.0,238.2,299.5,257.2
31,3,car,FRONT OBJECT,313.2,241.0,337.1,260.2
31,8,person,PEDESTRIAN RISK,428.8,246.8,440.1,273.3
31,5,person,PEDESTRIAN RISK,232.2,237.4,243.8,261.9
32,1,car,FRONT OBJECT,274.3,238.3,298.9,257.4
32,3,car,FRONT OBJECT,312.2,241.0,336.5,260.6
32,8,person,PEDESTRIAN RISK,428.5,246.9,440.0,274.0
32,5,person,PEDESTRIAN RISK,231.5,238.2,242.9,262.0
33,1,car,FRONT OBJECT,273.6,238.4,298.2,257.5
33,3,car,FRONT OBJECT,311.7,241.0,336.4,260.9
33,8,person,PEDESTRIAN RISK,428.8,247.2,440.4,274.7
33,5,person,PEDESTRIAN RISK,230.7,238.6,242.2,262.4
34,1,car,FRONT OBJECT,272.8,238.5,297.7,257.9
34,3,car,FRONT OBJECT,311.0,240.9,335.9,261.1
34,8,person,PEDESTRIAN RISK,429.6,247.3,441.2,275.0
34,5,person,PEDESTRIAN RISK,229.4,238.7,241.1,262.5
35,1,car,FRONT OBJECT,272.3,238.6,297.2,258.1
35,3,car,FRONT OBJECT,310.7,241.3,335.3,261.4
35,5,person,PEDESTRIAN RISK,228.0,238.4,240.1,262.7
36,1,car,FRONT OBJECT,271.8,238.6,297.0,258.3
36,3,car,FRONT OBJECT,310.2,241.7,334.8,261.8
36,5,person,PEDESTRIAN RISK,226.6,238.4,238.8,262.8
37,1,car,FRONT OBJECT,271.3,238.7,296.6,258.5
37,3,car,FRONT OBJECT,309.5,241.6,334.5,262.0
37,5,person,PEDESTRIAN RISK,225.6,238.8,237.8,262.9
38,1,car,FRONT OBJECT,270.7,239.1,295.9,258.8
38,3,car,FRONT OBJECT,309.4,242.5,333.6,262.3
38,5,person,PEDESTRIAN RISK,224.2,238.7,236.6,263.2
39,1,car,FRONT OBJECT,270.0,239.2,295.3,259.1
39,3,car,FRONT OBJECT,308.9,242.9,333.1,262.6
39,5,person,PEDESTRIAN RISK,222.9,238.7,235.7,263.8
40,1,car,FRONT OBJECT,269.3,239.4,294.7,259.5
40,3,car,FRONT OBJECT,307.9,242.7,332.7,263.0
40,5,person,PEDESTRIAN RISK,221.3,238.5,234.6,264.6
41,1,car,FRONT OBJECT,268.0,239.4,293.8,259.9
41,3,car,FRONT OBJECT,306.7,241.7,332.9,263.3
41,5,person,PEDESTRIAN RISK,220.6,238.9,233.7,264.4
42,1,car,FRONT OBJECT,267.3,239.6,293.3,260.2
42,3,car,FRONT OBJECT,305.0,239.9,333.1,263.4
42,5,person,PEDESTRIAN RISK,219.3,238.5,232.9,264.9
43,1,car,FRONT OBJECT,266.6,239.5,292.6,260.3
43,3,car,FRONT OBJECT,304.3,240.0,332.4,263.8
43,5,person,PEDESTRIAN RISK,218.0,238.5,231.7,265.1
44,1,car,FRONT OBJECT,266.2,239.8,291.7,260.2
44,3,car,FRONT OBJECT,303.9,240.0,331.9,263.9
44,5,person,PEDESTRIAN RISK,217.1,239.0,230.8,265.3
45,1,car,FRONT OBJECT,265.7,240.0,290.9,260.1
45,3,car,FRONT OBJECT,303.5,240.2,331.1,264.0
46,1,car,FRONT OBJECT,264.9,240.3,289.7,260.1
46,3,car,FRONT OBJECT,301.7,237.4,332.0,264.0
47,1,car,FRONT OBJECT,264.1,240.6,288.8,260.3
47,3,car,FRONT OBJECT,301.0,237.3,331.1,264.2
47,5,person,PEDESTRIAN RISK,213.9,239.4,227.3,265.9
48,1,car,FRONT OBJECT,263.3,241.0,287.8,260.4
48,3,truck,FRONT OBJECT,299.7,235.7,331.4,264.4
48,5,person,PEDESTRIAN RISK,212.5,239.3,225.7,265.5
49,1,car,FRONT OBJECT,262.3,241.0,287.0,260.5
49,3,car,FRONT OBJECT,299.2,236.5,329.3,264.0
49,5,person,PEDESTRIAN RISK,211.0,238.9,224.6,265.8
50,1,car,FRONT OBJECT,261.4,240.9,286.2,260.5
50,3,car,FRONT OBJECT,298.6,236.5,328.1,263.7
50,5,person,PEDESTRIAN RISK,209.6,238.7,223.0,265.9
50,10,truck,FRONT OBJECT,300.2,235.0,327.2,264.4
51,1,car,FRONT OBJECT,260.3,240.8,285.4,260.6
51,3,car,FRONT OBJECT,298.0,236.4,327.3,263.8
51,5,person,PEDESTRIAN RISK,208.4,238.9,221.5,266.0
52,1,car,FRONT OBJECT,259.3,240.6,284.5,260.5
52,3,truck,FRONT OBJECT,296.3,235.5,327.2,264.6
52,5,person,PEDESTRIAN RISK,207.3,239.1,220.1,266.2
53,1,car,FRONT OBJECT,257.9,240.6,283.3,260.7
53,3,car,FRONT OBJECT,295.2,234.9,326.3,264.8
53,5,person,PEDESTRIAN RISK,205.9,239.3,218.4,266.0
53,12,truck,FRONT OBJECT,297.2,234.9,324.6,265.0
54,1,car,FRONT OBJECT,256.8,240.6,282.1,260.7
54,3,truck,FRONT OBJECT,294.1,234.7,325.5,265.2
54,5,person,PEDESTRIAN RISK,204.0,239.3,216.5,266.4
54,12,car,FRONT OBJECT,296.5,235.2,323.6,264.9
55,1,car,FRONT OBJECT,255.5,240.7,280.9,260.9
55,3,truck,FRONT OBJECT,293.4,234.8,324.7,265.5
55,5,person,PEDESTRIAN RISK,203.0,239.3,215.3,266.5
55,12,car,FRONT OBJECT,295.8,235.3,323.0,265.1
55,13,person,FRONT OBJECT,371.3,242.4,378.4,257.7
55,13,person,PEDESTRIAN RISK,371.3,242.4,378.4,257.7
56,1,car,FRONT OBJECT,254.6,240.9,279.7,260.9
56,3,truck,FRONT OBJECT,292.7,235.0,323.8,265.8
56,5,person,PEDESTRIAN RISK,201.4,239.6,213.6,266.8
56,12,car,FRONT OBJECT,294.4,235.4,321.7,265.5
57,1,car,FRONT OBJECT,253.3,241.0,278.9,261.3
57,3,truck,FRONT OBJECT,291.8,235.2,322.5,265.9
57,5,person,PEDESTRIAN RISK,199.9,239.6,211.9,266.8
57,12,car,FRONT OBJECT,292.9,235.4,320.4,265.7
57,13,person,FRONT OBJECT,370.0,243.0,376.5,257.0
57,13,person,PEDESTRIAN RISK,370.0,243.0,376.5,257.0
58,1,car,FRONT OBJECT,252.0,241.1,277.7,261.4
58,13,person,FRONT OBJECT,369.3,243.2,375.6,256.7
58,13,person,PEDESTRIAN RISK,369.3,243.2,375.6,256.7
59,1,car,FRONT OBJECT,250.9,241.3,276.7,261.6
59,13,person,FRONT OBJECT,368.7,243.1,375.1,256.7
59,13,person,PEDESTRIAN RISK,368.7,243.1,375.1,256.7
59,3,car,FRONT OBJECT,288.8,234.3,320.1,266.1
60,1,car,FRONT OBJECT,249.8,241.4,275.6,261.7
60,13,person,FRONT OBJECT,367.9,243.0,374.5,256.8
60,13,person,PEDESTRIAN RISK,367.9,243.0,374.5,256.8
60,3,car,FRONT OBJECT,288.2,234.5,318.8,265.8
61,1,car,FRONT OBJECT,248.2,241.2,274.2,261.6
61,3,car,FRONT OBJECT,287.0,234.4,317.8,266.1
62,1,car,FRONT OBJECT,246.7,241.1,273.0,261.7
62,3,car,FRONT OBJECT,286.1,234.8,316.5,266.4
63,3,car,FRONT OBJECT,285.2,234.5,315.7,266.5
64,3,car,FRONT OBJECT,283.7,233.9,314.6,266.7
65,3,bus,FRONT OBJECT,282.4,233.7,313.5,267.0
66,3,car,FRONT OBJECT,280.8,233.5,312.2,267.3
67,3,car,FRONT OBJECT,279.8,233.2,311.2,267.2
68,3,car,FRONT OBJECT,278.9,233.7,309.8,267.2
69,3,car,FRONT OBJECT,277.9,234.0,308.6,267.4
70,3,car,FRONT OBJECT,276.5,234.1,307.2,267.6
70,21,truck,FRONT OBJECT,276.8,233.8,306.7,267.5
71,3,car,FRONT OBJECT,275.1,233.6,306.3,267.6
71,13,person,FRONT OBJECT,359.0,242.8,366.4,257.8
71,13,person,PEDESTRIAN RISK,359.0,242.8,366.4,257.8
72,3,car,FRONT OBJECT,273.8,234.0,304.9,267.8
73,3,car,FRONT OBJECT,272.9,233.8,304.0,267.6
73,13,person,FRONT OBJECT,357.4,243.1,364.9,258.3
73,13,person,PEDESTRIAN RISK,357.4,243.1,364.9,258.3
74,3,car,FRONT OBJECT,271.2,233.8,302.4,267.8
75,3,car,FRONT OBJECT,269.7,233.7,301.1,268.0
75,13,person,FRONT OBJECT,355.9,242.9,363.8,258.9
75,13,person,PEDESTRIAN RISK,355.9,242.9,363.8,258.9
76,3,car,FRONT OBJECT,268.3,233.2,300.4,268.3
77,3,car,FRONT OBJECT,267.4,234.5,298.6,268.4
78,3,car,FRONT OBJECT,265.7,233.9,297.6,268.6
79,3,car,FRONT OBJECT,264.4,233.4,296.9,268.8
80,3,car,FRONT OBJECT,263.2,234.0,295.5,269.2
80,27,truck,FRONT OBJECT,263.6,233.7,295.9,268.8
81,3,car,FRONT OBJECT,262.0,234.2,294.4,269.4
81,27,truck,FRONT OBJECT,262.5,233.3,295.2,268.8
82,3,car,FRONT OBJECT,260.5,234.0,293.3,269.7
82,27,truck,FRONT OBJECT,260.9,233.5,293.8,269.3
83,3,car,FRONT OBJECT,259.2,233.5,292.5,269.8
83,27,truck,FRONT OBJECT,259.1,232.7,293.0,269.5
84,3,car,FRONT OBJECT,258.0,233.5,291.4,269.9
85,3,car,FRONT OBJECT,256.7,233.3,290.4,270.0
86,3,car,FRONT OBJECT,255.3,233.4,289.3,270.3
87,3,car,FRONT OBJECT,253.9,233.6,287.7,270.4
88,3,car,FRONT OBJECT,252.4,233.0,286.9,270.7
89,3,car,FRONT OBJECT,250.7,233.2,285.3,270.9
90,3,car,FRONT OBJECT,249.5,233.5,284.2,271.2
91,3,car,FRONT OBJECT,248.2,233.2,283.4,271.3
92,3,car,FRONT OBJECT,247.1,233.2,282.5,271.6
93,3,bus,FRONT OBJECT,246.0,233.4,281.6,271.9
94,3,bus,FRONT OBJECT,244.6,233.4,280.5,272.1
95,3,bus,FRONT OBJECT,243.7,233.3,279.7,272.2
96,3,car,FRONT OBJECT,242.6,233.5,278.9,272.6
97,3,car,FRONT OBJECT,241.3,233.6,277.9,273.0
98,3,bus,FRONT OBJECT,240.3,233.9,276.8,273.2
98,35,car,FRONT OBJECT,240.1,233.7,277.5,273.3
99,3,bus,FRONT OBJECT,239.2,233.7,276.1,273.4
99,35,car,FRONT OBJECT,239.1,233.3,277.1,273.5
172,57,person,FRONT OBJECT,339.3,245.6,349.0,267.1
172,57,person,PEDESTRIAN RISK,339.3,245.6,349.0,267.1
187,57,person,FRONT OBJECT,337.0,247.5,347.0,269.4
187,57,person,PEDESTRIAN RISK,337.0,247.5,347.0,269.4
192,75,person,FRONT OBJECT,341.0,246.6,349.7,270.8
192,75,person,PEDESTRIAN RISK,341.0,246.6,349.7,270.8
193,75,person,FRONT OBJECT,342.0,246.9,350.7,271.2
193,75,person,PEDESTRIAN RISK,342.0,246.9,350.7,271.2
195,75,person,FRONT OBJECT,342.6,246.8,351.3,271.1
195,75,person,PEDESTRIAN RISK,342.6,246.8,351.3,271.1
199,75,person,FRONT OBJECT,343.9,246.9,352.6,271.5
199,75,person,PEDESTRIAN RISK,343.9,246.9,352.6,271.5
200,75,person,FRONT OBJECT,344.5,247.0,353.1,271.5
200,75,person,PEDESTRIAN RISK,344.5,247.0,353.1,271.5
202,75,person,FRONT OBJECT,345.8,246.8,354.5,271.8
202,75,person,PEDESTRIAN RISK,345.8,246.8,354.5,271.8
203,75,person,FRONT OBJECT,346.2,247.0,354.9,272.2
203,75,person,PEDESTRIAN RISK,346.2,247.0,354.9,272.2
204,75,person,FRONT OBJECT,346.4,247.1,355.1,272.3
204,75,person,PEDESTRIAN RISK,346.4,247.1,355.1,272.3
205,75,person,FRONT OBJECT,346.2,247.0,355.1,272.7
205,75,person,PEDESTRIAN RISK,346.2,247.0,355.1,272.7
206,75,person,FRONT OBJECT,346.2,247.4,355.2,273.0
206,75,person,PEDESTRIAN RISK,346.2,247.4,355.2,273.0
210,75,person,FRONT OBJECT,349.1,247.9,358.1,273.8
210,75,person,PEDESTRIAN RISK,349.1,247.9,358.1,273.8
211,75,person,FRONT OBJECT,349.4,248.1,358.5,274.6
211,75,person,PEDESTRIAN RISK,349.4,248.1,358.5,274.6
212,75,person,FRONT OBJECT,349.6,248.1,358.9,275.0
212,75,person,PEDESTRIAN RISK,349.6,248.1,358.9,275.0
213,75,person,FRONT OBJECT,349.7,248.2,359.2,275.5
213,75,person,PEDESTRIAN RISK,349.7,248.2,359.2,275.5
214,75,person,FRONT OBJECT,349.7,247.9,359.5,276.2
214,75,person,PEDESTRIAN RISK,349.7,247.9,359.5,276.2
215,75,person,FRONT OBJECT,349.5,248.3,359.5,276.7
215,75,person,PEDESTRIAN RISK,349.5,248.3,359.5,276.7
216,75,person,FRONT OBJECT,349.3,248.3,359.6,277.3
216,75,person,PEDESTRIAN RISK,349.3,248.3,359.6,277.3
217,75,person,FRONT OBJECT,349.3,249.0,359.7,277.9
217,75,person,PEDESTRIAN RISK,349.3,249.0,359.7,277.9
218,75,person,FRONT OBJECT,349.4,249.5,359.9,278.5
218,75,person,PEDESTRIAN RISK,349.4,249.5,359.9,278.5
219,75,person,FRONT OBJECT,349.5,249.5,360.2,278.8
219,75,person,PEDESTRIAN RISK,349.5,249.5,360.2,278.8
220,75,person,FRONT OBJECT,349.8,250.0,360.5,279.1
220,75,person,PEDESTRIAN RISK,349.8,250.0,360.5,279.1
225,75,person,FRONT OBJECT,351.5,250.3,363.3,282.4
225,75,person,PEDESTRIAN RISK,351.5,250.3,363.3,282.4
226,98,person,FRONT OBJECT,366.3,246.2,378.1,279.6
226,98,person,PEDESTRIAN RISK,366.3,246.2,378.1,279.6
226,75,person,FRONT OBJECT,351.7,250.6,363.6,282.9
226,75,person,PEDESTRIAN RISK,351.7,250.6,363.6,282.9
227,98,person,FRONT OBJECT,366.4,246.5,378.4,280.4
227,98,person,PEDESTRIAN RISK,366.4,246.5,378.4,280.4
228,98,person,FRONT OBJECT,366.6,246.9,378.5,280.6
228,98,person,PEDESTRIAN RISK,366.6,246.9,378.5,280.6
228,75,person,FRONT OBJECT,351.9,251.1,363.8,283.7
228,75,person,PEDESTRIAN RISK,351.9,251.1,363.8,283.7
229,75,person,FRONT OBJECT,352.1,250.9,364.1,283.8
229,75,person,PEDESTRIAN RISK,352.1,250.9,364.1,283.8
230,75,person,FRONT OBJECT,352.3,250.9,364.2,283.9
230,75,person,PEDESTRIAN RISK,352.3,250.9,364.2,283.9
231,75,person,FRONT OBJECT,352.3,251.4,364.4,284.8
231,75,person,PEDESTRIAN RISK,352.3,251.4,364.4,284.8
232,75,person,FRONT OBJECT,352.5,251.9,364.4,285.1
232,75,person,PEDESTRIAN RISK,352.5,251.9,364.4,285.1
233,75,person,FRONT OBJECT,352.5,252.2,364.5,285.6
233,75,person,PEDESTRIAN RISK,352.5,252.2,364.5,285.6
234,75,person,FRONT OBJECT,352.6,252.1,364.6,285.8
234,75,person,PEDESTRIAN RISK,352.6,252.1,364.6,285.8
235,75,person,FRONT OBJECT,352.6,251.5,365.1,286.5
235,75,person,PEDESTRIAN RISK,352.6,251.5,365.1,286.5
235,98,person,FRONT OBJECT,368.5,247.9,380.5,282.5
235,98,person,PEDESTRIAN RISK,368.5,247.9,380.5,282.5
236,75,person,FRONT OBJECT,352.7,250.9,365.4,287.0
236,75,person,PEDESTRIAN RISK,352.7,250.9,365.4,287.0
236,98,person,FRONT OBJECT,368.9,247.7,380.6,281.8
236,98,person,PEDESTRIAN RISK,368.9,247.7,380.6,281.8
237,75,person,FRONT OBJECT,352.3,250.4,365.3,287.5
237,75,person,PEDESTRIAN RISK,352.3,250.4,365.3,287.5
237,98,person,FRONT OBJECT,368.7,247.8,380.8,283.1
237,98,person,PEDESTRIAN RISK,368.7,247.8,380.8,283.1
238,75,person,FRONT OBJECT,352.1,250.1,365.2,287.7
238,75,person,PEDESTRIAN RISK,352.1,250.1,365.2,287.7
238,98,person,FRONT OBJECT,368.8,248.1,381.0,283.7
238,98,person,PEDESTRIAN RISK,368.8,248.1,381.0,283.7
239,75,person,FRONT OBJECT,352.0,250.6,365.3,288.7
239,75,person,PEDESTRIAN RISK,352.0,250.6,365.3,288.7
239,98,person,FRONT OBJECT,369.0,248.3,381.3,284.7
239,98,person,PEDESTRIAN RISK,369.0,248.3,381.3,284.7
240,75,person,FRONT OBJECT,351.8,250.8,365.3,289.8
240,75,person,PEDESTRIAN RISK,351.8,250.8,365.3,289.8
240,98,person,FRONT OBJECT,369.0,248.5,381.5,285.6
240,98,person,PEDESTRIAN RISK,369.0,248.5,381.5,285.6
241,75,person,FRONT OBJECT,351.7,250.5,365.2,289.4
241,75,person,PEDESTRIAN RISK,351.7,250.5,365.2,289.4
241,98,person,FRONT OBJECT,368.8,248.4,381.0,284.5
241,98,person,PEDESTRIAN RISK,368.8,248.4,381.0,284.5
242,75,person,FRONT OBJECT,351.1,250.4,364.9,290.6
242,75,person,PEDESTRIAN RISK,351.1,250.4,364.9,290.6
242,98,person,FRONT OBJECT,368.7,248.3,380.9,283.8
242,98,person,PEDESTRIAN RISK,368.7,248.3,380.9,283.8
243,75,person,FRONT OBJECT,350.9,250.6,364.6,291.1
243,75,person,PEDESTRIAN RISK,350.9,250.6,364.6,291.1
243,98,person,FRONT OBJECT,368.5,248.3,380.6,283.7
243,98,person,PEDESTRIAN RISK,368.5,248.3,380.6,283.7
244,75,person,FRONT OBJECT,348.8,250.4,363.1,292.3
244,75,person,PEDESTRIAN RISK,348.8,250.4,363.1,292.3
244,98,person,FRONT OBJECT,368.3,248.4,380.5,283.9
244,98,person,PEDESTRIAN RISK,368.3,248.4,380.5,283.9
245,75,person,FRONT OBJECT,347.9,250.5,362.3,293.0
245,75,person,PEDESTRIAN RISK,347.9,250.5,362.3,293.0
245,98,person,FRONT OBJECT,367.9,248.6,380.8,286.3
245,98,person,PEDESTRIAN RISK,367.9,248.6,380.8,286.3
246,75,person,FRONT OBJECT,347.1,250.6,361.8,293.6
246,75,person,PEDESTRIAN RISK,347.1,250.6,361.8,293.6
246,98,person,FRONT OBJECT,368.0,248.7,380.6,285.8
246,98,person,PEDESTRIAN RISK,368.0,248.7,380.6,285.8
247,75,person,FRONT OBJECT,346.4,250.5,361.2,294.0
247,75,person,PEDESTRIAN RISK,346.4,250.5,361.2,294.0
247,98,person,FRONT OBJECT,367.8,249.1,380.3,286.5
247,98,person,PEDESTRIAN RISK,367.8,249.1,380.3,286.5
248,75,person,FRONT OBJECT,345.8,250.6,360.7,294.3
248,75,person,PEDESTRIAN RISK,345.8,250.6,360.7,294.3
248,98,person,FRONT OBJECT,367.1,249.3,379.7,287.4
248,98,person,PEDESTRIAN RISK,367.1,249.3,379.7,287.4
249,75,person,FRONT OBJECT,345.3,250.6,360.5,294.8
249,75,person,PEDESTRIAN RISK,345.3,250.6,360.5,294.8
249,98,person,FRONT OBJECT,366.4,249.1,379.2,288.2
249,98,person,PEDESTRIAN RISK,366.4,249.1,379.2,288.2
250,75,person,FRONT OBJECT,344.7,250.9,360.0,295.6
250,75,person,PEDESTRIAN RISK,344.7,250.9,360.0,295.6
250,98,person,FRONT OBJECT,364.7,248.4,377.7,288.1
250,98,person,PEDESTRIAN RISK,364.7,248.4,377.7,288.1
251,75,person,FRONT OBJECT,343.6,251.1,359.0,296.2
251,75,person,PEDESTRIAN RISK,343.6,251.1,359.0,296.2
251,98,person,FRONT OBJECT,364.3,247.9,377.5,288.0
251,98,person,PEDESTRIAN RISK,364.3,247.9,377.5,288.0
252,75,person,FRONT OBJECT,341.9,251.0,357.8,297.2
252,75,person,PEDESTRIAN RISK,341.9,251.0,357.8,297.2
252,98,person,FRONT OBJECT,363.2,247.8,376.4,288.2
252,98,person,PEDESTRIAN RISK,363.2,247.8,376.4,288.2
252,114,person,PEDESTRIAN RISK,240.7,248.5,251.5,277.9
253,75,person,FRONT OBJECT,341.3,251.1,357.2,297.7
253,75,person,PEDESTRIAN RISK,341.3,251.1,357.2,297.7
253,98,person,FRONT OBJECT,362.4,248.0,375.9,289.3
253,98,person,PEDESTRIAN RISK,362.4,248.0,375.9,289.3
253,116,person,PEDESTRIAN RISK,216.6,248.2,225.0,271.5
254,75,person,FRONT OBJECT,339.9,250.9,356.1,298.6
254,75,person,PEDESTRIAN RISK,339.9,250.9,356.1,298.6
254,98,person,FRONT OBJECT,361.3,248.1,374.7,289.1
254,98,person,PEDESTRIAN RISK,361.3,248.1,374.7,289.1
254,116,person,PEDESTRIAN RISK,214.8,247.6,223.2,271.1
255,75,person,FRONT OBJECT,338.3,251.4,354.6,299.7
255,75,person,PEDESTRIAN RISK,338.3,251.4,354.6,299.7
255,98,person,FRONT OBJECT,360.0,248.2,373.4,289.2
255,98,person,PEDESTRIAN RISK,360.0,248.2,373.4,289.2
255,116,person,PEDESTRIAN RISK,212.5,247.2,221.1,271.2
256,75,person,FRONT OBJECT,337.1,251.6,353.4,300.0
256,75,person,PEDESTRIAN RISK,337.1,251.6,353.4,300.0
256,98,person,FRONT OBJECT,358.6,248.5,371.8,288.6
256,98,person,PEDESTRIAN RISK,358.6,248.5,371.8,288.6
256,116,person,PEDESTRIAN RISK,209.5,247.6,218.0,271.4
257,75,person,FRONT OBJECT,335.1,251.7,351.3,299.9
257,75,person,PEDESTRIAN RISK,335.1,251.7,351.3,299.9
257,98,person,FRONT OBJECT,356.9,248.2,370.2,288.8
257,98,person,PEDESTRIAN RISK,356.9,248.2,370.2,288.8
257,116,person,PEDESTRIAN RISK,207.0,247.0,215.7,271.4
258,75,person,FRONT OBJECT,332.5,251.6,349.2,301.1
258,75,person,PEDESTRIAN RISK,332.5,251.6,349.2,301.1
258,98,person,FRONT OBJECT,354.6,248.4,368.3,289.9
258,98,person,PEDESTRIAN RISK,354.6,248.4,368.3,289.9
259,75,person,FRONT OBJECT,330.7,251.9,347.5,302.3
259,75,person,PEDESTRIAN RISK,330.7,251.9,347.5,302.3
259,98,person,FRONT OBJECT,352.6,248.7,366.6,291.0
259,98,person,PEDESTRIAN RISK,352.6,248.7,366.6,291.0
259,116,person,PEDESTRIAN RISK,201.0,247.7,209.7,271.9
260,75,person,FRONT OBJECT,329.3,251.9,345.2,299.8
260,75,person,PEDESTRIAN RISK,329.3,251.9,345.2,299.8
260,98,person,FRONT OBJECT,350.7,248.9,364.6,291.1
260,98,person,PEDESTRIAN RISK,350.7,248.9,364.6,291.1
261,75,person,FRONT OBJECT,328.1,251.9,342.5,295.4
261,75,person,PEDESTRIAN RISK,328.1,251.9,342.5,295.4
261,98,person,FRONT OBJECT,348.3,249.1,362.2,291.0
261,98,person,PEDESTRIAN RISK,348.3,249.1,362.2,291.0
262,75,person,FRONT OBJECT,324.1,251.7,340.3,301.2
262,75,person,PEDESTRIAN RISK,324.1,251.7,340.3,301.2
262,98,person,FRONT OBJECT,345.8,248.7,359.9,291.5
262,98,person,PEDESTRIAN RISK,345.8,248.7,359.9,291.5
263,75,person,FRONT OBJECT,321.2,251.8,337.1,300.6
263,75,person,PEDESTRIAN RISK,321.2,251.8,337.1,300.6
263,98,person,FRONT OBJECT,343.0,248.6,357.3,292.2
263,98,person,PEDESTRIAN RISK,343.0,248.6,357.3,292.2
264,75,person,FRONT OBJECT,316.4,251.9,333.3,303.9
264,75,person,PEDESTRIAN RISK,316.4,251.9,333.3,303.9
264,98,person,FRONT OBJECT,339.4,248.6,354.1,293.6
264,98,person,PEDESTRIAN RISK,339.4,248.6,354.1,293.6
265,75,person,FRONT OBJECT,313.2,251.9,330.4,305.4
265,75,person,PEDESTRIAN RISK,313.2,251.9,330.4,305.4
265,98,person,FRONT OBJECT,335.5,248.7,350.8,295.1
265,98,person,PEDESTRIAN RISK,335.5,248.7,350.8,295.1
266,75,person,FRONT OBJECT,310.4,251.9,326.6,302.5
266,75,person,PEDESTRIAN RISK,310.4,251.9,326.6,302.5
266,98,person,FRONT OBJECT,331.7,248.7,347.2,295.8
266,98,person,PEDESTRIAN RISK,331.7,248.7,347.2,295.8
267,75,person,FRONT OBJECT,306.5,251.9,322.8,303.6
267,75,person,PEDESTRIAN RISK,306.5,251.9,322.8,303.6
267,98,person,FRONT OBJECT,327.8,248.5,343.6,296.9
267,98,person,PEDESTRIAN RISK,327.8,248.5,343.6,296.9
268,75,person,FRONT OBJECT,301.2,251.9,318.7,307.5
268,75,person,PEDESTRIAN RISK,301.2,251.9,318.7,307.5
268,98,person,FRONT OBJECT,324.0,248.2,339.6,296.1
268,98,person,PEDESTRIAN RISK,324.0,248.2,339.6,296.1
269,75,person,FRONT OBJECT,296.8,252.4,314.7,310.3
269,75,person,PEDESTRIAN RISK,296.8,252.4,314.7,310.3
269,98,person,FRONT OBJECT,319.9,248.5,335.7,297.5
269,98,person,PEDESTRIAN RISK,319.9,248.5,335.7,297.5
270,75,person,FRONT OBJECT,291.6,252.0,309.9,311.2
270,75,person,PEDESTRIAN RISK,291.6,252.0,309.9,311.2
270,98,person,FRONT OBJECT,315.0,249.1,331.0,298.2
270,98,person,PEDESTRIAN RISK,315.0,249.1,331.0,298.2
271,75,person,FRONT OBJECT,287.6,252.3,304.8,308.5
271,75,person,PEDESTRIAN RISK,287.6,252.3,304.8,308.5
271,98,person,FRONT OBJECT,310.0,248.7,326.2,298.2
271,98,person,PEDESTRIAN RISK,310.0,248.7,326.2,298.2
272,75,person,FRONT OBJECT,282.5,252.5,299.9,309.0
272,75,person,PEDESTRIAN RISK,282.5,252.5,299.9,309.0
272,98,person,FRONT OBJECT,304.9,248.3,321.6,299.5
272,98,person,PEDESTRIAN RISK,304.9,248.3,321.6,299.5
273,75,person,FRONT OBJECT,276.3,252.1,294.5,311.3
273,75,person,PEDESTRIAN RISK,276.3,252.1,294.5,311.3
273,98,person,FRONT OBJECT,300.0,248.9,316.7,299.8
273,98,person,PEDESTRIAN RISK,300.0,248.9,316.7,299.8
274,75,person,FRONT OBJECT,272.9,252.5,289.1,305.9
274,75,person,PEDESTRIAN RISK,272.9,252.5,289.1,305.9
274,98,person,FRONT OBJECT,294.4,248.6,311.3,299.9
274,98,person,PEDESTRIAN RISK,294.4,248.6,311.3,299.9
275,75,person,FRONT OBJECT,266.9,252.8,282.4,303.5
275,75,person,PEDESTRIAN RISK,266.9,252.8,282.4,303.5
275,98,person,FRONT OBJECT,288.9,248.5,305.9,300.1
275,98,person,PEDESTRIAN RISK,288.9,248.5,305.9,300.1
276,75,person,FRONT OBJECT,261.3,252.6,276.8,303.0
276,75,person,PEDESTRIAN RISK,261.3,252.6,276.8,303.0
276,98,person,FRONT OBJECT,282.6,248.6,299.5,299.3
276,98,person,PEDESTRIAN RISK,282.6,248.6,299.5,299.3
277,75,person,FRONT OBJECT,254.8,252.4,270.6,303.5
277,75,person,PEDESTRIAN RISK,254.8,252.4,270.6,303.5
277,98,person,FRONT OBJECT,276.2,248.3,293.4,299.7
277,98,person,PEDESTRIAN RISK,276.2,248.3,293.4,299.7
278,75,person,FRONT OBJECT,248.6,252.5,264.4,303.6
278,75,person,PEDESTRIAN RISK,248.6,252.5,264.4,303.6
278,98,person,FRONT OBJECT,270.2,247.9,287.8,300.7
278,98,person,PEDESTRIAN RISK,270.2,247.9,287.8,300.7
279,75,person,PEDESTRIAN RISK,242.0,252.5,257.7,303.9
279,98,person,FRONT OBJECT,263.9,248.1,281.3,300.2
279,98,person,PEDESTRIAN RISK,263.9,248.1,281.3,300.2
280,75,person,PEDESTRIAN RISK,234.4,252.6,250.3,304.8
280,98,person,FRONT OBJECT,256.6,247.9,274.5,301.4
280,98,person,PEDESTRIAN RISK,256.6,247.9,274.5,301.4
281,75,person,PEDESTRIAN RISK,226.5,252.8,242.5,305.8
281,98,person,FRONT OBJECT,249.4,247.9,267.1,301.4
281,98,person,PEDESTRIAN RISK,249.4,247.9,267.1,301.4
282,75,person,PEDESTRIAN RISK,218.2,252.8,234.5,306.6
282,98,person,PEDESTRIAN RISK,241.7,247.8,259.8,302.3
283,75,person,PEDESTRIAN RISK,209.5,252.6,226.2,307.4
283,98,person,PEDESTRIAN RISK,233.8,247.7,252.2,302.9
284,75,person,PEDESTRIAN RISK,201.3,252.3,218.1,308.0
284,98,person,PEDESTRIAN RISK,224.8,247.6,243.4,303.2
285,75,person,PEDESTRIAN RISK,192.4,252.5,209.4,308.8
285,103,person,PEDESTRIAN RISK,430.9,251.2,458.5,324.2
285,98,person,PEDESTRIAN RISK,215.6,247.0,234.6,303.7
286,103,person,PEDESTRIAN RISK,423.8,250.6,451.7,324.9
286,98,person,PEDESTRIAN RISK,206.8,247.1,225.7,303.8
287,103,person,PEDESTRIAN RISK,417.6,250.2,445.7,325.1
287,98,person,PEDESTRIAN RISK,198.5,247.2,217.4,304.2
288,103,person,PEDESTRIAN RISK,409.8,250.0,437.8,325.1
288,98,person,PEDESTRIAN RISK,189.5,247.5,208.3,304.8
289,103,person,PEDESTRIAN RISK,402.5,249.8,430.4,325.2
290,103,person,PEDESTRIAN RISK,395.6,249.4,423.3,324.7
291,103,person,PEDESTRIAN RISK,388.0,248.4,415.8,325.0
292,103,person,PEDESTRIAN RISK,380.5,248.2,408.0,324.7
292,113,person,PEDESTRIAN RISK,430.9,262.3,467.2,339.0
293,103,person,FRONT OBJECT,373.1,247.8,400.6,325.0
293,103,person,PEDESTRIAN RISK,373.1,247.8,400.6,325.0
293,113,person,PEDESTRIAN RISK,422.2,262.7,458.8,339.9
294,103,person,FRONT OBJECT,365.4,247.6,393.1,325.3
294,103,person,PEDESTRIAN RISK,365.4,247.6,393.1,325.3
294,113,person,PEDESTRIAN RISK,413.1,262.8,450.4,340.9
295,103,person,FRONT OBJECT,357.4,247.3,385.1,325.3
295,103,person,PEDESTRIAN RISK,357.4,247.3,385.1,325.3
295,113,person,PEDESTRIAN RISK,404.3,263.3,442.0,341.6
296,103,person,FRONT OBJECT,349.6,246.7,377.5,325.8
296,103,person,PEDESTRIAN RISK,349.6,246.7,377.5,325.8
296,113,person,PEDESTRIAN RISK,395.1,263.4,433.7,342.6
297,103,person,FRONT OBJECT,345.0,246.9,366.7,305.1
297,103,person,PEDESTRIAN RISK,345.0,246.9,366.7,305.1
297,113,person,PEDESTRIAN RISK,385.3,262.9,425.1,343.5
298,103,person,FRONT OBJECT,338.3,247.1,357.6,297.1
298,103,person,PEDESTRIAN RISK,338.3,247.1,357.6,297.1
298,113,person,FRONT OBJECT,375.1,263.2,415.9,345.1
298,113,person,PEDESTRIAN RISK,375.1,263.2,415.9,345.1
299,103,person,FRONT OBJECT,330.7,246.8,349.9,295.3
299,103,person,PEDESTRIAN RISK,330.7,246.8,349.9,295.3
299,113,person,FRONT OBJECT,365.2,264.0,406.2,345.8
299,113,person,PEDESTRIAN RISK,365.2,264.0,406.2,345.8
300,103,person,FRONT OBJECT,323.1,246.6,342.5,294.5
300,103,person,PEDESTRIAN RISK,323.1,246.6,342.5,294.5
300,113,person,FRONT OBJECT,353.9,262.9,396.1,347.1
300,113,person,PEDESTRIAN RISK,353.9,262.9,396.1,347.1
301,103,person,FRONT OBJECT,315.7,247.2,335.3,294.6
301,103,person,PEDESTRIAN RISK,315.7,247.2,335.3,294.6
301,113,person,FRONT OBJECT,342.3,262.2,385.4,348.8
301,113,person,PEDESTRIAN RISK,342.3,262.2,385.4,348.8
302,103,person,FRONT OBJECT,307.3,246.4,327.9,295.4
302,103,person,PEDESTRIAN RISK,307.3,246.4,327.9,295.4
302,113,person,FRONT OBJECT,330.9,261.2,374.1,349.7
302,113,person,PEDESTRIAN RISK,330.9,261.2,374.1,349.7
303,103,person,FRONT OBJECT,299.6,246.4,320.8,296.8
303,103,person,PEDESTRIAN RISK,299.6,246.4,320.8,296.8
303,113,person,FRONT OBJECT,318.4,259.9,362.4,351.7
303,113,person,PEDESTRIAN RISK,318.4,259.9,362.4,351.7
304,103,person,FRONT OBJECT,291.4,246.3,313.1,298.1
304,103,person,PEDESTRIAN RISK,291.4,246.3,313.1,298.1
304,113,person,FRONT OBJECT,306.4,260.1,350.9,354.5
304,113,person,PEDESTRIAN RISK,306.4,260.1,350.9,354.5
305,103,person,FRONT OBJECT,283.6,247.0,305.6,300.0
305,103,person,PEDESTRIAN RISK,283.6,247.0,305.6,300.0
305,113,person,FRONT OBJECT,296.6,261.2,341.2,357.0
305,113,person,PEDESTRIAN RISK,296.6,261.2,341.2,357.0
306,103,person,FRONT OBJECT,275.8,246.2,298.0,299.6
306,103,person,PEDESTRIAN RISK,275.8,246.2,298.0,299.6
306,113,person,FRONT OBJECT,286.3,261.0,331.5,358.9
306,113,person,PEDESTRIAN RISK,286.3,261.0,331.5,358.9
307,103,person,FRONT OBJECT,267.3,245.8,290.4,301.5
307,103,person,PEDESTRIAN RISK,267.3,245.8,290.4,301.5
307,113,person,FRONT OBJECT,276.6,262.1,321.7,359.8
307,113,person,PEDESTRIAN RISK,276.6,262.1,321.7,359.8
308,103,person,FRONT OBJECT,262.3,245.0,280.5,286.3
308,103,person,PEDESTRIAN RISK,262.3,245.0,280.5,286.3
309,103,person,FRONT OBJECT,255.8,244.5,272.1,279.0
309,103,person,PEDESTRIAN RISK,255.8,244.5,272.1,279.0
310,103,person,FRONT OBJECT,250.5,243.8,265.5,274.3
310,103,person,PEDESTRIAN RISK,250.5,243.8,265.5,274.3
311,103,person,PEDESTRIAN RISK,243.5,243.3,260.2,277.0
312,103,person,PEDESTRIAN RISK,234.5,242.4,252.2,277.5
313,103,person,PEDESTRIAN RISK,222.2,242.1,246.7,291.5
314,103,person,PEDESTRIAN RISK,212.1,241.2,240.6,299.1
315,103,person,PEDESTRIAN RISK,199.4,241.0,237.5,320.9
315,113,person,PEDESTRIAN RISK,170.3,260.0,220.8,359.7
316,103,person,PEDESTRIAN RISK,187.5,240.9,230.2,334.2
317,103,person,PEDESTRIAN RISK,176.2,240.5,220.9,341.8
318,103,person,PEDESTRIAN RISK,165.4,239.8,211.4,346.9
332,154,truck,FRONT OBJECT,340.3,209.7,420.5,279.0
333,154,truck,FRONT OBJECT,336.1,209.3,416.1,278.8
334,154,truck,FRONT OBJECT,330.7,208.6,411.1,278.7
335,154,truck,FRONT OBJECT,326.3,208.2,406.8,278.5
336,154,truck,FRONT OBJECT,321.5,207.5,402.6,278.5
337,154,truck,FRONT OBJECT,316.5,207.1,398.0,278.5
338,154,truck,FRONT OBJECT,311.9,206.5,393.7,278.3
339,154,truck,FRONT OBJECT,307.5,206.2,389.7,278.3
340,154,truck,FRONT OBJECT,304.1,205.7,386.5,278.3
341,154,truck,FRONT OBJECT,300.0,205.3,382.8,278.4
342,154,truck,FRONT OBJECT,295.7,204.4,379.2,278.2
343,154,truck,FRONT OBJECT,291.8,204.2,375.5,278.3
344,154,truck,FRONT OBJECT,287.7,203.6,372.4,278.7
345,154,truck,FRONT OBJECT,283.6,203.1,368.8,279.0
346,154,truck,FRONT OBJECT,279.0,202.3,365.3,279.1
347,154,truck,FRONT OBJECT,275.5,201.9,362.2,279.2
347,165,car,FRONT OBJECT,362.1,236.4,394.5,258.8
348,154,truck,FRONT OBJECT,272.3,201.2,359.8,279.4
348,165,car,FRONT OBJECT,359.2,236.9,390.8,258.8
349,154,truck,FRONT OBJECT,268.4,201.0,356.4,279.7
349,165,car,FRONT OBJECT,356.0,236.4,388.1,258.7
350,154,truck,FRONT OBJECT,264.1,200.2,352.9,279.8
350,165,car,FRONT OBJECT,352.8,236.2,385.1,258.6
351,154,truck,FRONT OBJECT,260.8,199.7,350.3,280.1
351,165,car,FRONT OBJECT,349.9,236.0,382.4,258.6
352,154,truck,FRONT OBJECT,257.3,199.3,347.4,280.3
352,165,car,FRONT OBJECT,346.5,235.2,379.9,258.6
353,154,truck,FRONT OBJECT,253.6,198.9,344.5,280.7
353,165,car,FRONT OBJECT,344.0,235.2,377.4,258.4
354,154,truck,FRONT OBJECT,249.9,198.3,341.8,281.1
354,165,car,FRONT OBJECT,341.2,234.9,374.8,258.3
355,154,truck,FRONT OBJECT,245.8,197.8,338.6,281.5
355,165,car,FRONT OBJECT,338.5,235.2,371.9,258.6
356,154,truck,FRONT OBJECT,242.6,197.2,336.6,282.0
356,165,car,FRONT OBJECT,336.3,234.9,370.0,258.5
357,154,truck,FRONT OBJECT,238.6,196.9,333.4,282.5
357,165,car,FRONT OBJECT,333.5,234.8,367.3,258.5
358,154,truck,FRONT OBJECT,234.9,196.2,330.6,282.7
358,165,car,FRONT OBJECT,330.7,234.5,365.3,258.8
359,154,truck,FRONT OBJECT,231.1,195.8,327.9,283.4
359,165,car,FRONT OBJECT,328.0,234.2,363.3,259.0
360,154,truck,FRONT OBJECT,227.6,195.3,325.5,283.9
360,165,car,FRONT OBJECT,325.4,234.2,360.8,259.1
361,154,truck,FRONT OBJECT,224.3,194.9,323.0,284.2
361,165,car,FRONT OBJECT,322.9,233.5,359.1,259.1
362,154,truck,FRONT OBJECT,220.2,194.3,320.4,284.9
362,154,truck,VEHICLE TOO CLOSE,220.2,194.3,320.4,284.9
362,165,car,FRONT OBJECT,320.7,233.8,356.7,259.5
363,154,truck,FRONT OBJECT,216.4,194.0,317.2,285.0
363,154,truck,VEHICLE TOO CLOSE,216.4,194.0,317.2,285.0
363,165,car,FRONT OBJECT,318.7,234.0,354.5,259.6
363,167,car,FRONT OBJECT,364.7,229.6,389.8,252.1
364,154,truck,FRONT OBJECT,213.3,193.6,315.0,285.0
364,154,truck,VEHICLE TOO CLOSE,213.3,193.6,315.0,285.0
364,165,car,FRONT OBJECT,316.2,233.6,352.4,259.5
364,167,car,FRONT OBJECT,359.6,227.9,386.9,252.3
365,154,truck,FRONT OBJECT,209.3,193.1,312.4,285.5
365,154,truck,VEHICLE TOO CLOSE,209.3,193.1,312.4,285.5
365,165,car,FRONT OBJECT,313.9,233.6,350.5,259.8
365,167,car,FRONT OBJECT,357.9,227.7,385.6,252.5
366,154,truck,FRONT OBJECT,205.0,192.3,310.3,286.5
366,154,truck,VEHICLE TOO CLOSE,205.0,192.3,310.3,286.5
366,165,car,FRONT OBJECT,311.5,233.6,348.5,260.3
366,167,car,FRONT OBJECT,357.1,227.7,384.4,252.6
367,154,truck,FRONT OBJECT,201.1,191.9,308.4,287.8
367,154,truck,VEHICLE TOO CLOSE,201.1,191.9,308.4,287.8
367,165,car,FRONT OBJECT,309.4,233.7,346.6,260.5
367,167,car,FRONT OBJECT,355.9,228.0,382.7,252.7
368,154,truck,VEHICLE TOO CLOSE,197.3,191.5,305.9,288.2
368,165,car,FRONT OBJECT,306.8,232.6,345.3,260.6
368,167,car,FRONT OBJECT,353.5,228.1,380.6,253.1
369,154,truck,VEHICLE TOO CLOSE,193.2,190.7,303.2,288.6
369,165,car,FRONT OBJECT,305.3,232.9,343.2,260.6
369,167,car,FRONT OBJECT,351.4,227.7,378.9,253.2
370,154,truck,VEHICLE TOO CLOSE,189.1,190.1,301.6,289.9
370,165,car,FRONT OBJECT,303.4,233.8,341.0,261.3
370,167,car,FRONT OBJECT,350.6,227.9,377.9,253.4
371,154,truck,VEHICLE TOO CLOSE,184.4,189.4,299.4,291.4
371,165,car,FRONT OBJECT,301.8,234.1,339.1,261.4
371,167,car,FRONT OBJECT,349.3,227.6,376.8,253.6
372,154,truck,VEHICLE TOO CLOSE,180.3,188.7,297.1,291.9
372,165,car,FRONT OBJECT,299.5,233.9,337.2,261.6
372,167,car,FRONT OBJECT,345.5,227.2,373.8,253.8
373,154,truck,VEHICLE TOO CLOSE,176.4,188.1,294.3,292.1
373,165,car,FRONT OBJECT,296.8,232.8,335.9,261.6
373,167,car,FRONT OBJECT,342.5,227.0,371.5,253.9
374,154,truck,VEHICLE TOO CLOSE,172.3,187.4,292.0,292.7
374,165,car,FRONT OBJECT,294.9,232.5,334.5,261.9
374,167,car,FRONT OBJECT,341.0,226.8,370.3,254.1
375,154,truck,VEHICLE TOO CLOSE,167.1,186.5,290.1,294.4
375,165,car,FRONT OBJECT,293.8,233.3,332.4,261.9
375,167,car,FRONT OBJECT,340.9,227.1,369.8,254.2
376,154,truck,VEHICLE TOO CLOSE,162.1,185.8,287.5,296.0
376,165,car,FRONT OBJECT,291.5,233.2,330.6,262.1
376,167,car,FRONT OBJECT,340.0,227.0,368.7,254.0
377,154,truck,VEHICLE TOO CLOSE,157.6,185.0,285.0,296.8
377,165,car,FRONT OBJECT,287.7,230.1,330.5,262.2
377,167,car,FRONT OBJECT,337.9,227.0,366.7,254.1
377,196,person,PEDESTRIAN RISK,424.5,230.2,431.5,245.5
378,154,truck,VEHICLE TOO CLOSE,153.3,184.0,284.0,298.4
378,165,car,FRONT OBJECT,287.3,232.7,327.1,262.5
378,167,car,FRONT OBJECT,335.3,226.9,364.6,254.3
378,196,person,PEDESTRIAN RISK,423.3,228.8,430.8,245.3
379,154,truck,VEHICLE TOO CLOSE,148.1,182.8,280.9,299.0
379,165,car,FRONT OBJECT,285.9,234.0,324.6,262.7
379,167,car,FRONT OBJECT,334.4,226.8,363.8,254.5
379,196,person,PEDESTRIAN RISK,422.4,229.5,429.6,245.3
380,154,truck,VEHICLE TOO CLOSE,143.2,181.9,278.3,299.9
380,165,car,FRONT OBJECT,284.1,234.3,323.0,263.2
380,167,car,FRONT OBJECT,333.3,227.0,362.4,254.5
381,154,truck,VEHICLE TOO CLOSE,137.9,181.0,275.7,301.1
381,165,car,FRONT OBJECT,282.1,234.6,321.3,263.5
381,167,car,FRONT OBJECT,330.0,226.8,359.5,254.4
382,154,truck,VEHICLE TOO CLOSE,132.6,179.8,273.3,302.2
382,165,car,FRONT OBJECT,280.2,234.6,319.6,263.6
382,167,truck,FRONT OBJECT,328.0,226.5,358.6,254.9
383,154,truck,VEHICLE TOO CLOSE,126.8,178.5,270.7,303.5
383,165,car,FRONT OBJECT,278.2,234.7,317.9,263.7
383,167,truck,FRONT OBJECT,326.1,226.3,357.5,255.1
384,154,truck,VEHICLE TOO CLOSE,121.2,177.3,268.0,304.3
384,165,car,FRONT OBJECT,276.5,234.7,316.6,264.0
384,167,truck,FRONT OBJECT,324.6,226.4,356.3,255.7
385,154,truck,VEHICLE TOO CLOSE,115.9,176.2,265.8,305.5
385,165,car,FRONT OBJECT,274.7,234.8,315.1,264.2
385,167,truck,FRONT OBJECT,323.6,226.4,355.5,255.7
386,154,truck,VEHICLE TOO CLOSE,107.8,174.7,262.3,307.1
386,165,car,FRONT OBJECT,272.5,234.8,313.6,264.5
386,167,truck,FRONT OBJECT,321.2,226.4,353.6,255.8
386,196,person,PEDESTRIAN RISK,417.3,230.0,424.3,245.6
387,154,truck,VEHICLE TOO CLOSE,100.2,173.1,258.4,307.8
387,165,car,FRONT OBJECT,270.3,234.6,312.1,264.8
387,167,truck,FRONT OBJECT,319.6,226.6,352.0,255.9
387,196,person,PEDESTRIAN RISK,416.6,230.1,423.4,245.4
388,154,truck,VEHICLE TOO CLOSE,91.9,171.2,255.7,310.0
388,165,car,FRONT OBJECT,268.3,234.8,310.6,265.2
388,167,truck,FRONT OBJECT,318.0,226.3,351.1,256.3
388,196,person,PEDESTRIAN RISK,416.4,230.8,423.1,245.9
389,154,truck,VEHICLE TOO CLOSE,85.6,169.9,253.8,311.4
389,165,car,FRONT OBJECT,266.4,235.0,309.0,265.5
389,167,truck,FRONT OBJECT,316.7,226.2,350.0,256.3
389,196,person,PEDESTRIAN RISK,415.8,231.0,422.6,246.2
390,154,truck,VEHICLE TOO CLOSE,79.1,168.7,250.5,312.1
390,165,car,FRONT OBJECT,264.2,234.9,307.6,265.8
390,167,car,FRONT OBJECT,315.3,226.3,348.9,256.6
390,196,person,PEDESTRIAN RISK,415.4,231.4,422.1,246.5
391,154,truck,VEHICLE TOO CLOSE,72.7,167.2,248.8,313.9
391,165,car,FRONT OBJECT,262.0,235.0,306.3,266.4
391,167,truck,FRONT OBJECT,314.3,226.5,347.6,256.5
391,196,person,PEDESTRIAN RISK,415.0,231.7,421.6,246.6
392,154,truck,VEHICLE TOO CLOSE,66.6,165.8,245.2,313.6
392,165,car,FRONT OBJECT,260.4,235.0,305.2,266.8
392,167,car,FRONT OBJECT,312.1,226.3,346.1,256.9
393,154,truck,VEHICLE TOO CLOSE,59.7,164.2,243.1,315.3
393,165,car,FRONT OBJECT,258.2,235.2,303.6,267.3
393,167,car,FRONT OBJECT,310.9,226.4,345.2,257.2
394,154,truck,VEHICLE TOO CLOSE,50.5,162.2,239.5,316.9
394,165,car,FRONT OBJECT,255.2,234.8,301.7,267.8
394,167,truck,FRONT OBJECT,310.0,226.5,344.4,257.4
395,154,truck,VEHICLE TOO CLOSE,42.4,160.3,236.6,318.3
395,165,car,FRONT OBJECT,253.7,235.1,300.4,268.1
395,167,car,FRONT OBJECT,309.1,226.3,343.8,257.6
396,154,truck,VEHICLE TOO CLOSE,33.8,158.1,233.9,319.8
396,165,car,FRONT OBJECT,252.2,235.2,299.1,268.3
396,167,truck,FRONT OBJECT,307.6,225.7,342.9,257.4
397,154,truck,VEHICLE TOO CLOSE,24.9,156.0,231.3,321.9
397,165,car,FRONT OBJECT,250.0,235.2,297.5,268.6
397,167,truck,FRONT OBJECT,306.2,225.5,341.7,257.4
398,154,truck,VEHICLE TOO CLOSE,15.5,153.4,228.1,323.1
398,165,car,FRONT OBJECT,248.2,235.0,296.5,269.0
398,167,car,FRONT OBJECT,304.4,225.8,340.1,257.8
399,154,truck,VEHICLE TOO CLOSE,7.0,151.0,226.4,325.1
399,165,car,FRONT OBJECT,246.5,234.9,295.4,269.1
399,167,car,FRONT OBJECT,303.1,225.9,339.1,257.9
400,154,truck,VEHICLE TOO CLOSE,1.6,148.1,227.0,326.6
400,165,car,FRONT OBJECT,244.7,235.1,293.7,269.4
400,167,car,FRONT OBJECT,301.9,225.8,338.2,258.2
400,202,person,PEDESTRIAN RISK,411.0,231.8,417.7,247.1
401,154,truck,VEHICLE TOO CLOSE,0.0,145.3,229.0,328.9
401,165,car,FRONT OBJECT,242.6,235.1,292.1,269.6
401,167,car,FRONT OBJECT,300.8,225.5,337.5,258.2
401,202,person,PEDESTRIAN RISK,410.7,232.2,417.3,247.1
402,154,truck,VEHICLE TOO CLOSE,0.0,141.9,227.9,330.6
402,165,car,FRONT OBJECT,240.8,235.1,290.8,269.8
402,167,car,FRONT OBJECT,299.7,225.6,336.6,258.4
402,202,person,PEDESTRIAN RISK,410.7,232.7,417.1,247.2
403,154,truck,VEHICLE TOO CLOSE,0.0,139.0,229.2,333.7
403,165,car,FRONT OBJECT,238.8,235.2,289.6,270.5
403,167,car,FRONT OBJECT,298.9,225.7,335.9,258.7
403,202,person,PEDESTRIAN RISK,410.6,232.9,416.8,247.3
404,154,truck,VEHICLE TOO CLOSE,0.0,135.7,229.7,337.2
404,165,car,FRONT OBJECT,236.6,235.0,288.4,270.9
404,167,car,FRONT OBJECT,297.2,225.7,334.9,259.1
404,202,person,PEDESTRIAN RISK,410.6,234.0,416.5,247.6
405,154,truck,VEHICLE TOO CLOSE,0.0,132.4,229.2,339.8
405,165,car,FRONT OBJECT,234.4,234.8,286.8,271.1
405,167,car,FRONT OBJECT,295.8,225.7,333.7,259.3
405,202,person,PEDESTRIAN RISK,410.3,234.3,416.1,247.6
406,154,truck,VEHICLE TOO CLOSE,0.0,129.1,227.9,342.8
406,165,car,FRONT OBJECT,232.5,235.0,285.3,271.4
406,167,car,FRONT OBJECT,294.4,225.6,332.7,259.5
406,202,person,PEDESTRIAN RISK,409.7,234.2,415.9,247.8
407,154,truck,VEHICLE TOO CLOSE,0.0,124.9,226.3,344.7
407,167,car,FRONT OBJECT,293.3,225.3,331.9,259.6
407,202,person,PEDESTRIAN RISK,409.3,234.1,415.7,247.9
408,154,truck,VEHICLE TOO CLOSE,0.0,121.3,226.0,347.8
408,167,car,FRONT OBJECT,291.7,224.8,331.1,259.8
408,202,person,PEDESTRIAN RISK,409.2,234.4,415.5,247.9
409,154,truck,VEHICLE TOO CLOSE,0.0,117.0,224.2,350.5
409,167,car,FRONT OBJECT,290.5,224.8,330.2,260.0
409,202,person,PEDESTRIAN RISK,408.8,233.7,415.5,248.0
410,154,truck,VEHICLE TOO CLOSE,0.0,111.3,223.4,352.1
410,167,car,FRONT OBJECT,289.1,225.1,329.0,260.2
410,202,person,PEDESTRIAN RISK,408.7,233.6,415.6,248.0
410,208,person,PEDESTRIAN RISK,207.3,229.4,217.8,260.3
411,154,truck,VEHICLE TOO CLOSE,0.0,108.5,221.5,355.3
411,167,car,FRONT OBJECT,288.2,225.2,328.1,260.4
411,202,person,PEDESTRIAN RISK,408.3,232.5,415.7,248.0
411,208,person,PEDESTRIAN RISK,205.1,230.2,215.9,261.3
412,154,truck,VEHICLE TOO CLOSE,0.0,108.0,216.9,356.6
412,167,car,FRONT OBJECT,286.7,225.0,327.4,260.7
412,202,person,PEDESTRIAN RISK,408.3,233.6,415.5,248.1
412,208,person,PEDESTRIAN RISK,204.1,230.0,214.9,261.1
413,154,truck,VEHICLE TOO CLOSE,0.0,107.6,211.8,356.7
413,167,car,FRONT OBJECT,285.2,224.9,326.7,261.3
413,202,person,PEDESTRIAN RISK,408.0,233.8,415.4,248.4
413,208,person,PEDESTRIAN RISK,201.5,229.6,212.7,261.5
413,209,truck,FRONT OBJECT,285.3,224.8,327.0,261.0
414,154,truck,VEHICLE TOO CLOSE,0.0,108.1,206.5,356.7
414,167,car,FRONT OBJECT,283.8,224.8,325.9,261.7
414,209,truck,FRONT OBJECT,284.2,224.9,326.5,261.5
415,154,truck,VEHICLE TOO CLOSE,0.0,108.7,200.4,357.1
415,167,car,FRONT OBJECT,282.5,224.7,324.9,262.0
416,154,truck,VEHICLE TOO CLOSE,0.0,109.2,195.1,357.6
416,167,car,FRONT OBJECT,281.2,224.4,324.3,262.2
417,154,truck,VEHICLE TOO CLOSE,0.0,109.5,189.5,357.4
417,167,car,FRONT OBJECT,280.2,224.2,323.8,262.3
418,154,truck,VEHICLE TOO CLOSE,0.0,110.4,184.3,357.1
418,167,car,FRONT OBJECT,279.4,224.4,322.9,262.2
419,154,truck,VEHICLE TOO CLOSE,0.0,110.8,178.6,356.9
419,167,car,FRONT OBJECT,278.7,224.3,322.4,262.3
420,154,truck,VEHICLE TOO CLOSE,0.0,111.3,172.0,355.1
420,167,car,FRONT OBJECT,276.8,224.0,321.2,262.5
421,154,truck,VEHICLE TOO CLOSE,0.0,111.6,165.9,353.9
421,167,car,FRONT OBJECT,276.1,224.0,320.5,262.5
422,154,truck,VEHICLE TOO CLOSE,0.0,112.5,160.4,354.9
422,167,car,FRONT OBJECT,274.6,224.0,319.8,263.2
423,154,truck,VEHICLE TOO CLOSE,0.0,113.1,153.8,354.7
423,167,car,FRONT OBJECT,273.6,224.0,319.1,263.4
424,154,truck,VEHICLE TOO CLOSE,0.0,113.7,147.7,355.9
424,167,car,FRONT OBJECT,272.3,223.7,318.0,263.3
425,154,truck,VEHICLE TOO CLOSE,0.0,114.4,142.0,357.4
425,167,car,FRONT OBJECT,270.8,223.4,317.1,263.4
426,154,truck,VEHICLE TOO CLOSE,0.0,114.5,135.6,357.9
426,167,car,FRONT OBJECT,269.2,223.3,316.1,263.9
427,154,truck,VEHICLE TOO CLOSE,0.0,115.0,127.9,358.4
427,167,car,FRONT OBJECT,268.0,223.2,315.3,264.1
428,154,truck,VEHICLE TOO CLOSE,0.0,115.8,119.3,358.4
428,167,car,FRONT OBJECT,266.2,222.9,314.5,264.7
429,154,truck,VEHICLE TOO CLOSE,0.0,116.6,111.4,358.4
429,167,car,FRONT OBJECT,264.9,222.8,313.4,264.7
430,154,truck,VEHICLE TOO CLOSE,0.0,117.5,101.9,358.2
430,167,car,FRONT OBJECT,263.4,222.5,312.4,264.9
431,154,truck,VEHICLE TOO CLOSE,0.0,139.4,86.6,358.1
431,167,car,FRONT OBJECT,262.1,222.1,310.8,264.1
432,167,car,FRONT OBJECT,260.7,222.2,309.7,264.2
433,167,car,FRONT OBJECT,258.8,222.1,308.9,264.9
434,167,car,FRONT OBJECT,256.1,221.9,307.7,265.8
435,167,car,FRONT OBJECT,254.2,221.9,307.1,266.8
436,167,car,FRONT OBJECT,252.3,221.8,306.4,267.6
437,167,car,FRONT OBJECT,250.7,221.5,305.6,268.1
438,167,car,FRONT OBJECT,249.3,221.2,304.5,268.1
438,216,truck,FRONT OBJECT,249.8,221.2,304.6,268.6
439,167,car,FRONT OBJECT,247.2,221.2,303.5,269.0
439,216,truck,FRONT OBJECT,247.9,221.3,303.6,269.5
439,219,person,PEDESTRIAN RISK,412.4,228.3,421.1,251.8
440,167,car,FRONT OBJECT,245.4,221.2,302.9,269.9
440,169,car,VEHICLE TOO CLOSE,489.5,234.7,640.0,326.4
441,167,car,FRONT OBJECT,243.4,221.2,301.8,270.8
441,169,car,VEHICLE TOO CLOSE,489.2,234.7,640.0,328.8
442,167,car,FRONT OBJECT,241.6,221.0,300.4,270.8
442,169,car,VEHICLE TOO CLOSE,489.6,235.0,640.0,330.8
443,167,car,FRONT OBJECT,239.1,221.0,299.0,271.7
443,169,car,VEHICLE TOO CLOSE,489.6,235.1,640.0,333.9
444,167,car,FRONT OBJECT,237.1,221.0,297.5,272.0
444,169,car,VEHICLE TOO CLOSE,489.0,235.1,640.0,337.8
445,167,car,FRONT OBJECT,235.5,220.8,296.6,272.4
445,169,car,VEHICLE TOO CLOSE,488.8,235.2,640.0,342.0
446,167,car,FRONT OBJECT,233.5,220.8,295.7,273.2
446,169,car,VEHICLE TOO CLOSE,489.5,235.1,640.0,345.5
447,167,car,FRONT OBJECT,231.0,220.3,293.7,273.0
447,169,car,VEHICLE TOO CLOSE,491.0,235.1,640.0,348.5
447,212,car,FRONT OBJECT,363.4,224.0,385.2,241.2
448,167,truck,FRONT OBJECT,228.9,220.3,292.0,272.9
448,169,car,VEHICLE TOO CLOSE,492.7,235.5,640.0,351.3
448,225,person,PEDESTRIAN RISK,237.5,224.7,251.1,278.4
449,167,truck,FRONT OBJECT,226.9,220.6,291.2,274.0
449,169,car,VEHICLE TOO CLOSE,494.2,235.5,640.0,355.3
449,225,person,PEDESTRIAN RISK,236.1,225.0,249.5,277.9
450,167,car,FRONT OBJECT,224.1,220.4,291.4,276.4
450,169,car,VEHICLE TOO CLOSE,497.4,236.2,640.0,358.0
451,169,car,VEHICLE TOO CLOSE,501.4,236.5,640.0,359.0
451,212,car,FRONT OBJECT,355.4,226.6,374.4,241.5
451,225,person,PEDESTRIAN RISK,230.8,224.4,245.4,281.7
452,169,car,VEHICLE TOO CLOSE,505.9,236.3,640.0,359.2
452,212,car,FRONT OBJECT,352.6,226.4,372.1,241.8
453,169,car,VEHICLE TOO CLOSE,511.2,236.9,640.0,359.2
453,225,person,PEDESTRIAN RISK,225.8,226.2,240.5,283.5
454,169,car,VEHICLE TOO CLOSE,516.6,237.7,640.0,359.1
454,225,person,PEDESTRIAN RISK,224.0,227.7,238.4,284.2
454,212,car,FRONT OBJECT,348.6,226.5,368.6,242.3
455,169,car,VEHICLE TOO CLOSE,523.1,238.0,640.0,356.7
455,225,person,PEDESTRIAN RISK,221.1,227.6,236.1,286.5
456,169,car,VEHICLE TOO CLOSE,529.2,238.7,640.0,355.8
456,225,person,PEDESTRIAN RISK,217.9,227.3,233.3,287.4
457,165,car,VEHICLE TOO CLOSE,10.8,235.8,168.5,328.1
457,169,car,VEHICLE TOO CLOSE,535.3,238.8,640.0,355.3
457,225,person,PEDESTRIAN RISK,215.8,227.9,231.3,288.3
458,165,car,VEHICLE TOO CLOSE,4.0,236.1,165.9,330.4
458,169,car,VEHICLE TOO CLOSE,541.4,239.4,640.0,355.1
458,205,car,FRONT OBJECT,351.3,222.9,401.1,244.1
458,225,person,PEDESTRIAN RISK,212.8,226.7,229.1,290.0
459,165,car,VEHICLE TOO CLOSE,0.0,236.2,164.8,332.6
459,169,car,VEHICLE TOO CLOSE,547.5,240.2,640.0,355.4
459,205,car,FRONT OBJECT,351.1,223.0,399.7,243.8
459,225,person,PEDESTRIAN RISK,208.6,225.8,225.7,291.9
460,165,car,VEHICLE TOO CLOSE,0.0,236.5,164.5,336.2
460,169,car,VEHICLE TOO CLOSE,553.7,241.2,640.0,356.8
460,205,car,FRONT OBJECT,348.7,223.1,397.5,243.8
460,225,person,PEDESTRIAN RISK,206.6,227.4,223.8,293.8
461,165,car,VEHICLE TOO CLOSE,0.0,236.6,164.1,339.6
461,169,car,VEHICLE TOO CLOSE,560.7,243.3,640.0,357.6
461,205,car,FRONT OBJECT,346.4,223.2,395.7,244.3
461,225,person,PEDESTRIAN RISK,203.2,226.7,221.3,295.4
462,165,car,VEHICLE TOO CLOSE,0.0,236.6,163.7,343.5
462,169,car,VEHICLE TOO CLOSE,568.2,246.6,640.0,358.5
462,205,car,FRONT OBJECT,343.3,223.3,393.6,244.7
462,225,person,PEDESTRIAN RISK,200.1,226.2,218.5,296.0
463,165,car,VEHICLE TOO CLOSE,0.0,236.9,162.5,347.0
463,169,car,VEHICLE TOO CLOSE,578.3,251.5,640.0,358.8
463,205,car,FRONT OBJECT,339.2,223.3,391.0,245.2
463,225,person,PEDESTRIAN RISK,196.3,226.1,215.5,297.5
464,165,car,VEHICLE TOO CLOSE,0.0,237.6,160.6,350.5
464,205,car,FRONT OBJECT,338.8,223.2,390.5,245.2
464,225,person,PEDESTRIAN RISK,192.5,225.9,212.4,299.3
465,165,car,VEHICLE TOO CLOSE,0.0,237.9,158.3,353.7
465,205,car,FRONT OBJECT,335.0,223.2,388.2,245.8
465,225,person,PEDESTRIAN RISK,188.5,226.8,208.9,301.4
466,165,car,VEHICLE TOO CLOSE,0.0,237.8,155.3,357.2
466,205,car,FRONT OBJECT,332.8,223.2,387.0,246.4
466,225,person,PEDESTRIAN RISK,185.2,226.0,206.3,302.9
467,165,car,VEHICLE TOO CLOSE,0.0,238.5,150.7,358.9
467,205,car,FRONT OBJECT,330.8,223.2,385.1,246.7
468,165,car,VEHICLE TOO CLOSE,0.0,239.4,145.1,359.6
468,205,car,FRONT OBJECT,330.6,223.9,382.4,246.5
468,212,car,FRONT OBJECT,314.9,229.2,336.6,245.7
469,165,car,VEHICLE TOO CLOSE,0.0,239.6,139.0,359.7
469,205,car,FRONT OBJECT,329.1,224.5,380.5,247.0
469,212,car,FRONT OBJECT,312.1,230.0,334.3,246.5
470,165,car,VEHICLE TOO CLOSE,0.0,240.2,132.4,359.1
470,205,car,FRONT OBJECT,326.1,224.8,376.3,247.1
471,165,car,VEHICLE TOO CLOSE,0.0,240.3,125.3,357.8
471,205,car,FRONT OBJECT,316.6,224.3,370.4,247.5
472,165,car,VEHICLE TOO CLOSE,0.0,242.0,117.3,356.5
472,205,car,FRONT OBJECT,311.4,224.1,366.7,247.5
473,165,car,VEHICLE TOO CLOSE,0.0,244.5,109.0,355.7
473,205,car,FRONT OBJECT,305.8,224.2,363.4,248.1
474,165,car,VEHICLE TOO CLOSE,0.0,250.2,99.5,355.9
474,205,car,FRONT OBJECT,301.8,224.2,360.9,248.2
475,165,car,VEHICLE TOO CLOSE,0.0,258.8,88.0,355.6
475,205,car,FRONT OBJECT,298.2,224.8,358.9,248.9
476,205,car,FRONT OBJECT,293.2,224.6,358.0,250.2
477,167,truck,VEHICLE TOO CLOSE,133.8,217.0,254.3,308.2
477,205,car,FRONT OBJECT,289.7,224.6,355.8,250.5
478,167,truck,VEHICLE TOO CLOSE,130.2,217.3,252.6,309.5
479,167,truck,VEHICLE TOO CLOSE,125.6,216.9,251.6,311.4
479,205,car,FRONT OBJECT,280.6,225.2,346.5,251.2
480,167,car,VEHICLE TOO CLOSE,127.1,216.7,255.4,314.0
480,205,car,FRONT OBJECT,277.1,224.7,345.1,251.6
481,167,truck,VEHICLE TOO CLOSE,122.9,216.8,253.4,315.7
481,205,car,FRONT OBJECT,276.3,224.9,344.8,251.9
482,167,truck,VEHICLE TOO CLOSE,113.7,216.2,247.6,316.7
482,205,car,FRONT OBJECT,274.9,225.0,344.0,252.0
482,236,car,VEHICLE TOO CLOSE,116.0,217.0,245.3,315.9
483,167,truck,VEHICLE TOO CLOSE,107.3,216.1,245.9,319.9
483,205,car,FRONT OBJECT,269.5,225.1,338.3,252.1
484,167,truck,VEHICLE TOO CLOSE,100.3,216.1,242.5,321.7
484,205,car,FRONT OBJECT,265.7,225.3,333.8,252.2
485,167,truck,VEHICLE TOO CLOSE,96.0,215.6,242.3,324.1
485,205,car,FRONT OBJECT,263.9,226.0,331.4,252.7
486,167,truck,VEHICLE TOO CLOSE,86.4,214.9,239.8,328.2
486,205,car,FRONT OBJECT,262.2,226.0,331.4,253.0
487,167,truck,VEHICLE TOO CLOSE,78.0,214.7,236.8,331.5
487,205,car,FRONT OBJECT,259.3,225.8,329.9,253.1
488,167,truck,VEHICLE TOO CLOSE,70.4,214.3,234.4,334.2
488,205,car,FRONT OBJECT,256.2,225.9,328.4,253.7
488,239,car,VEHICLE TOO CLOSE,66.7,214.0,238.5,334.4
489,167,truck,VEHICLE TOO CLOSE,62.3,214.0,233.4,338.9
489,205,car,FRONT OBJECT,254.2,226.8,325.9,254.1
490,167,truck,VEHICLE TOO CLOSE,55.7,213.9,231.1,341.3
490,205,car,FRONT OBJECT,253.0,226.9,325.3,254.5
491,167,truck,VEHICLE TOO CLOSE,48.0,213.5,229.2,344.3
491,205,car,FRONT OBJECT,247.9,227.3,320.9,254.9
491,240,car,VEHICLE TOO CLOSE,44.1,213.5,235.1,344.5
492,167,truck,VEHICLE TOO CLOSE,38.6,213.3,225.5,347.2
492,205,car,FRONT OBJECT,247.1,227.7,319.7,255.1
492,240,car,VEHICLE TOO CLOSE,35.6,212.9,231.1,347.0
493,205,car,FRONT OBJECT,241.2,227.8,315.5,255.5
494,205,car,FRONT OBJECT,235.9,227.9,312.4,256.2
494,167,car,VEHICLE TOO CLOSE,18.4,212.6,217.9,353.8
495,205,car,FRONT OBJECT,231.4,228.8,308.9,257.1
495,167,car,VEHICLE TOO CLOSE,9.5,212.2,215.6,356.9
496,205,car,FRONT OBJECT,228.4,229.1,306.0,257.2
496,167,car,VEHICLE TOO CLOSE,4.7,211.1,215.5,358.3
497,205,car,FRONT OBJECT,225.5,229.5,304.1,257.8
497,167,car,VEHICLE TOO CLOSE,2.1,210.4,215.0,358.7
498,205,car,FRONT OBJECT,220.2,229.5,301.2,258.4
498,167,car,VEHICLE TOO CLOSE,0.1,209.8,214.7,359.0
499,205,car,FRONT OBJECT,220.3,229.5,301.7,258.8
499,167,car,VEHICLE TOO CLOSE,0.0,209.1,214.2,358.8
500,205,car,FRONT OBJECT,221.3,229.6,301.7,258.6
500,167,car,VEHICLE TOO CLOSE,0.0,208.6,213.4,358.8
501,167,car,VEHICLE TOO CLOSE,0.0,207.9,212.2,358.7
502,167,car,VEHICLE TOO CLOSE,0.0,207.1,211.3,358.8
503,167,car,VEHICLE TOO CLOSE,0.0,206.0,209.8,358.7
504,167,truck,VEHICLE TOO CLOSE,0.0,205.0,208.3,358.6
504,244,car,VEHICLE TOO CLOSE,0.0,204.7,204.0,358.2
506,167,car,VEHICLE TOO CLOSE,0.0,202.6,205.5,358.2
507,167,truck,VEHICLE TOO CLOSE,0.0,201.1,203.6,357.9
508,167,truck,VEHICLE TOO CLOSE,0.0,199.6,201.1,357.8
509,167,truck,VEHICLE TOO CLOSE,0.0,198.4,198.5,357.4
510,167,truck,VEHICLE TOO CLOSE,0.0,198.1,195.3,357.2
510,247,bus,VEHICLE TOO CLOSE,477.7,25.8,640.0,313.3
511,167,car,VEHICLE TOO CLOSE,0.0,197.8,192.0,357.3
512,167,car,VEHICLE TOO CLOSE,0.0,196.8,188.7,357.4
512,250,truck,VEHICLE TOO CLOSE,0.0,197.0,175.8,357.2
513,167,car,VEHICLE TOO CLOSE,0.0,196.6,185.0,358.0
513,250,truck,VEHICLE TOO CLOSE,0.0,196.5,174.0,357.6
515,167,car,VEHICLE TOO CLOSE,0.0,196.5,177.8,357.7
516,167,truck,VEHICLE TOO CLOSE,0.0,196.2,173.8,358.2
517,167,truck,VEHICLE TOO CLOSE,0.0,196.2,169.0,358.1
518,167,truck,VEHICLE TOO CLOSE,0.0,196.6,163.9,358.1
519,167,truck,VEHICLE TOO CLOSE,0.0,197.7,158.4,358.4
520,167,car,VEHICLE TOO CLOSE,0.0,198.4,152.1,358.3
521,167,car,VEHICLE TOO CLOSE,0.0,199.0,147.7,358.7
521,252,truck,VEHICLE TOO CLOSE,0.0,199.4,129.5,358.7
522,252,car,VEHICLE TOO CLOSE,0.0,198.0,126.5,359.0
523,252,car,VEHICLE TOO CLOSE,0.0,205.0,119.9,359.0
524,252,car,VEHICLE TOO CLOSE,0.0,210.4,112.9,359.1
525,252,car,VEHICLE TOO CLOSE,0.0,220.5,104.0,359.2
526,252,car,VEHICLE TOO CLOSE,0.0,228.2,97.9,359.1
527,252,car,VEHICLE TOO CLOSE,0.0,242.8,87.2,359.2
528,252,car,VEHICLE TOO CLOSE,0.0,261.3,75.2,359.5
559,264,person,FRONT OBJECT,320.4,235.3,330.9,265.2
559,264,person,PEDESTRIAN RISK,320.4,235.3,330.9,265.2
566,266,person,PEDESTRIAN RISK,230.8,234.4,239.1,254.0
567,266,person,PEDESTRIAN RISK,230.6,234.2,239.2,254.5
568,266,person,PEDESTRIAN RISK,230.5,234.2,239.2,254.7
569,266,person,PEDESTRIAN RISK,230.3,233.9,239.1,254.7
570,266,person,PEDESTRIAN RISK,230.2,233.9,239.0,254.8
572,266,person,PEDESTRIAN RISK,229.9,233.9,238.8,254.8
573,266,person,PEDESTRIAN RISK,229.7,233.6,238.6,254.9
574,266,person,PEDESTRIAN RISK,229.3,233.6,238.2,254.9
575,268,person,FRONT OBJECT,325.4,224.4,335.4,249.9
575,268,person,PEDESTRIAN RISK,325.4,224.4,335.4,249.9
576,268,person,FRONT OBJECT,325.8,225.1,335.4,249.6
576,268,person,PEDESTRIAN RISK,325.8,225.1,335.4,249.6
578,269,person,FRONT OBJECT,335.6,225.2,348.4,249.6
578,269,person,PEDESTRIAN RISK,335.6,225.2,348.4,249.6
578,268,person,FRONT OBJECT,326.8,226.6,335.7,249.4
578,268,person,PEDESTRIAN RISK,326.8,226.6,335.7,249.4
579,268,person,FRONT OBJECT,327.2,224.2,337.1,249.8
579,268,person,PEDESTRIAN RISK,327.2,224.2,337.1,249.8
580,268,person,FRONT OBJECT,327.8,223.7,337.9,249.9
580,268,person,PEDESTRIAN RISK,327.8,223.7,337.9,249.9
581,268,person,FRONT OBJECT,328.5,223.4,338.7,250.0
581,268,person,PEDESTRIAN RISK,328.5,223.4,338.7,250.0
582,268,person,FRONT OBJECT,328.7,223.6,338.9,250.0
582,268,person,PEDESTRIAN RISK,328.7,223.6,338.9,250.0
582,272,person,PEDESTRIAN RISK,222.7,228.1,232.5,254.0
583,272,person,PEDESTRIAN RISK,221.6,228.8,231.4,254.3
586,272,person,PEDESTRIAN RISK,217.8,231.8,226.6,254.5
588,272,person,PEDESTRIAN RISK,213.5,230.8,222.8,254.9
589,272,person,PEDESTRIAN RISK,211.9,230.1,221.7,255.5
590,272,person,PEDESTRIAN RISK,210.1,229.9,220.1,255.7
590,276,person,FRONT OBJECT,331.5,227.0,346.0,274.6
590,276,person,PEDESTRIAN RISK,331.5,227.0,346.0,274.6
593,276,person,FRONT OBJECT,328.6,226.1,343.8,276.1
593,276,person,PEDESTRIAN RISK,328.6,226.1,343.8,276.1
603,283,person,FRONT OBJECT,311.9,234.7,327.9,279.3
603,283,person,PEDESTRIAN RISK,311.9,234.7,327.9,279.3
604,283,person,FRONT OBJECT,311.3,236.5,326.8,279.5
604,283,person,PEDESTRIAN RISK,311.3,236.5,326.8,279.5
605,283,person,FRONT OBJECT,309.7,237.6,324.8,279.6
605,283,person,PEDESTRIAN RISK,309.7,237.6,324.8,279.6
605,284,person,PEDESTRIAN RISK,214.1,229.7,224.4,249.8
606,283,person,FRONT OBJECT,307.3,237.3,323.0,281.0
606,283,person,PEDESTRIAN RISK,307.3,237.3,323.0,281.0
606,284,person,PEDESTRIAN RISK,212.7,229.6,223.3,250.4
607,284,person,PEDESTRIAN RISK,210.8,228.3,221.6,249.5
608,284,person,PEDESTRIAN RISK,208.8,228.4,219.7,250.2
609,283,person,FRONT OBJECT,300.9,236.7,317.1,281.8
609,283,person,PEDESTRIAN RISK,300.9,236.7,317.1,281.8
611,283,person,FRONT OBJECT,296.4,236.4,312.6,282.2
611,283,person,PEDESTRIAN RISK,296.4,236.4,312.6,282.2
660,325,bicycle,FRONT OBJECT,285.9,236.1,310.2,260.7
660,325,bicycle,CYCLIST RISK,285.9,236.1,310.2,260.7
661,325,bicycle,FRONT OBJECT,283.7,236.7,307.0,260.4
661,325,bicycle,CYCLIST RISK,283.7,236.7,307.0,260.4
662,325,bicycle,FRONT OBJECT,281.4,234.3,307.4,260.9
662,325,bicycle,CYCLIST RISK,281.4,234.3,307.4,260.9
664,325,bicycle,FRONT OBJECT,279.4,232.9,307.3,261.6
664,325,bicycle,CYCLIST RISK,279.4,232.9,307.3,261.6
667,325,bicycle,FRONT OBJECT,278.0,235.2,303.4,261.9
667,325,bicycle,CYCLIST RISK,278.0,235.2,303.4,261.9
670,325,motorcycle,FRONT OBJECT,273.2,237.8,296.6,262.1
675,343,person,FRONT OBJECT,261.8,230.8,276.8,262.1
675,343,person,PEDESTRIAN RISK,261.8,230.8,276.8,262.1
675,344,person,FRONT OBJECT,276.6,228.5,289.9,260.5
675,344,person,PEDESTRIAN RISK,276.6,228.5,289.9,260.5
676,343,person,FRONT OBJECT,260.9,231.3,275.8,262.4
676,343,person,PEDESTRIAN RISK,260.9,231.3,275.8,262.4
676,344,person,FRONT OBJECT,275.2,228.3,288.9,261.0
676,344,person,PEDESTRIAN RISK,275.2,228.3,288.9,261.0
677,343,person,FRONT OBJECT,258.7,231.5,273.8,262.8
677,343,person,PEDESTRIAN RISK,258.7,231.5,273.8,262.8
677,344,person,FRONT OBJECT,273.7,227.7,287.9,261.8
677,344,person,PEDESTRIAN RISK,273.7,227.7,287.9,261.8
678,343,person,FRONT OBJECT,257.3,231.1,272.8,263.2
678,343,person,PEDESTRIAN RISK,257.3,231.1,272.8,263.2
678,344,person,FRONT OBJECT,272.5,228.8,286.2,262.0
678,344,person,PEDESTRIAN RISK,272.5,228.8,286.2,262.0
679,343,person,FRONT OBJECT,254.9,231.5,270.0,262.9
679,343,person,PEDESTRIAN RISK,254.9,231.5,270.0,262.9
679,344,person,FRONT OBJECT,270.6,228.9,284.5,262.7
679,344,person,PEDESTRIAN RISK,270.6,228.9,284.5,262.7
680,343,person,FRONT OBJECT,252.6,231.6,267.5,262.6
680,343,person,PEDESTRIAN RISK,252.6,231.6,267.5,262.6
680,344,person,FRONT OBJECT,268.3,228.9,282.4,262.7
680,344,person,PEDESTRIAN RISK,268.3,228.9,282.4,262.7
681,343,person,PEDESTRIAN RISK,249.1,231.8,263.9,263.1
681,344,person,FRONT OBJECT,266.1,229.4,280.3,263.3
681,344,person,PEDESTRIAN RISK,266.1,229.4,280.3,263.3
682,343,person,PEDESTRIAN RISK,246.7,232.1,261.2,262.8
682,344,person,FRONT OBJECT,264.2,229.5,278.7,263.6
682,344,person,PEDESTRIAN RISK,264.2,229.5,278.7,263.6
683,343,person,PEDESTRIAN RISK,244.6,232.0,259.1,263.1
683,344,person,FRONT OBJECT,262.7,229.6,277.6,263.9
683,344,person,PEDESTRIAN RISK,262.7,229.6,277.6,263.9
684,343,person,PEDESTRIAN RISK,242.2,232.4,256.6,263.5
684,344,person,FRONT OBJECT,261.4,230.4,276.3,263.7
684,344,person,PEDESTRIAN RISK,261.4,230.4,276.3,263.7
685,343,person,PEDESTRIAN RISK,239.5,231.6,254.1,263.4
685,344,person,FRONT OBJECT,260.2,230.0,275.5,263.8
685,344,person,PEDESTRIAN RISK,260.2,230.0,275.5,263.8
687,343,bicycle,CYCLIST RISK,236.4,233.5,250.6,264.0
687,344,person,FRONT OBJECT,255.5,229.4,271.5,264.2
687,344,person,PEDESTRIAN RISK,255.5,229.4,271.5,264.2
688,353,person,CYCLIST RISK,233.5,230.9,250.6,264.2
688,343,bicycle,CYCLIST RISK,235.1,236.5,248.8,264.8
688,344,person,FRONT OBJECT,253.5,229.1,269.8,264.5
688,344,person,PEDESTRIAN RISK,253.5,229.1,269.8,264.5
689,353,person,PEDESTRIAN RISK,231.5,231.6,248.5,264.8
689,344,person,FRONT OBJECT,252.3,228.9,268.6,264.8
689,344,person,PEDESTRIAN RISK,252.3,228.9,268.6,264.8
690,353,person,CYCLIST RISK,228.4,231.5,245.6,264.9
690,344,person,PEDESTRIAN RISK,251.0,230.1,266.5,264.9
690,343,bicycle,CYCLIST RISK,229.9,237.0,244.1,265.4
691,344,person,PEDESTRIAN RISK,249.1,229.7,264.7,265.2
692,343,bicycle,CYCLIST RISK,226.5,236.2,242.4,266.9
693,344,person,PEDESTRIAN RISK,245.6,230.5,261.1,265.9
694,344,person,PEDESTRIAN RISK,243.0,231.0,258.5,266.2
695,344,person,PEDESTRIAN RISK,240.8,230.9,256.8,267.0
696,344,person,PEDESTRIAN RISK,239.9,230.9,256.1,267.1
697,344,person,PEDESTRIAN RISK,238.1,230.8,254.8,267.6
697,343,person,PEDESTRIAN RISK,212.5,232.8,230.2,267.8
698,344,person,PEDESTRIAN RISK,236.5,229.4,254.2,268.1
698,343,person,PEDESTRIAN RISK,209.5,234.1,226.5,268.3
699,344,person,PEDESTRIAN RISK,234.6,227.7,253.2,268.5
699,343,person,PEDESTRIAN RISK,206.6,235.7,222.7,268.5
700,344,person,PEDESTRIAN RISK,233.0,228.0,251.7,268.9
700,343,person,PEDESTRIAN RISK,203.7,234.6,221.0,269.3
701,344,person,PEDESTRIAN RISK,231.7,227.5,250.5,269.2
701,343,person,PEDESTRIAN RISK,200.5,233.1,218.8,269.7
701,363,person,FRONT OBJECT,269.4,230.7,284.8,266.0
701,363,person,PEDESTRIAN RISK,269.4,230.7,284.8,266.0
702,344,person,PEDESTRIAN RISK,229.6,226.6,248.8,269.5
702,343,person,PEDESTRIAN RISK,197.5,232.9,216.5,270.6
702,363,person,FRONT OBJECT,267.3,229.5,283.8,266.9
702,363,person,PEDESTRIAN RISK,267.3,229.5,283.8,266.9
702,365,person,PEDESTRIAN RISK,217.2,232.2,228.6,263.6
703,344,person,PEDESTRIAN RISK,228.3,226.7,247.3,270.0
703,343,person,PEDESTRIAN RISK,194.6,233.4,213.5,271.0
703,363,person,FRONT OBJECT,265.0,228.8,282.0,267.2
703,363,person,PEDESTRIAN RISK,265.0,228.8,282.0,267.2
703,365,person,PEDESTRIAN RISK,214.9,231.7,227.8,266.7
704,344,person,PEDESTRIAN RISK,226.6,226.6,245.3,269.8
704,363,person,FRONT OBJECT,263.2,228.4,280.8,267.4
704,363,person,PEDESTRIAN RISK,263.2,228.4,280.8,267.4
705,344,person,PEDESTRIAN RISK,224.2,225.0,243.5,270.3
705,363,person,FRONT OBJECT,262.3,228.2,280.4,267.5
705,363,person,PEDESTRIAN RISK,262.3,228.2,280.4,267.5
705,365,person,PEDESTRIAN RISK,211.2,231.8,224.2,267.2
706,344,person,PEDESTRIAN RISK,223.0,226.6,241.4,270.4
706,363,person,FRONT OBJECT,260.8,228.5,279.8,269.1
706,363,person,PEDESTRIAN RISK,260.8,228.5,279.8,269.1
707,344,person,PEDESTRIAN RISK,221.2,225.9,240.0,270.9
708,344,person,PEDESTRIAN RISK,218.7,230.0,236.5,272.2
709,344,person,PEDESTRIAN RISK,214.5,227.8,233.7,272.4
710,344,person,PEDESTRIAN RISK,212.2,226.2,232.5,273.0
711,344,person,PEDESTRIAN RISK,208.1,225.9,229.7,274.0
712,344,person,PEDESTRIAN RISK,206.5,226.0,228.8,275.1
713,344,person,PEDESTRIAN RISK,204.5,226.1,227.2,275.6
713,363,person,PEDESTRIAN RISK,246.0,228.9,265.2,271.4
714,344,person,PEDESTRIAN RISK,203.1,226.5,226.3,276.6
714,363,person,PEDESTRIAN RISK,244.6,230.3,263.0,272.0
715,344,person,PEDESTRIAN RISK,202.2,226.7,225.6,277.3
715,363,person,PEDESTRIAN RISK,243.4,235.5,259.9,273.0
716,344,person,PEDESTRIAN RISK,200.0,228.5,223.2,278.0
716,363,person,PEDESTRIAN RISK,240.5,236.9,256.8,273.6
717,344,person,PEDESTRIAN RISK,197.1,226.9,221.3,278.7
717,363,person,PEDESTRIAN RISK,237.7,235.2,255.0,273.8
718,344,person,PEDESTRIAN RISK,195.9,228.0,219.8,279.4
718,363,person,PEDESTRIAN RISK,234.2,236.8,252.1,274.8
719,344,person,PEDESTRIAN RISK,193.8,228.1,217.6,280.0
719,363,person,PEDESTRIAN RISK,231.0,234.2,250.9,275.2
720,344,person,PEDESTRIAN RISK,190.5,228.6,214.4,281.3
720,363,person,PEDESTRIAN RISK,229.4,237.2,248.8,275.8
721,363,person,PEDESTRIAN RISK,227.1,237.1,247.2,275.9
722,363,person,PEDESTRIAN RISK,225.3,234.5,247.0,276.3
723,363,person,PEDESTRIAN RISK,223.1,232.8,245.9,276.8
724,363,person,PEDESTRIAN RISK,220.7,232.0,243.5,276.8
725,376,person,PEDESTRIAN RISK,222.7,230.8,240.7,257.2
729,363,person,PEDESTRIAN RISK,207.9,232.6,231.4,280.2
730,363,person,PEDESTRIAN RISK,206.9,234.3,229.7,281.2
731,363,person,PEDESTRIAN RISK,203.1,234.3,226.3,281.8
732,363,person,PEDESTRIAN RISK,198.9,233.3,223.3,282.8
733,363,person,PEDESTRIAN RISK,195.5,234.7,220.1,283.6
734,363,person,PEDESTRIAN RISK,192.8,235.5,217.7,284.2
735,363,person,PEDESTRIAN RISK,189.9,236.5,215.3,284.8
736,363,person,PEDESTRIAN RISK,187.4,235.7,214.6,286.7
742,384,bus,VEHICLE TOO CLOSE,0.0,180.3,34.2,272.5
744,384,bus,VEHICLE TOO CLOSE,0.0,179.4,32.4,273.1
746,384,bus,VEHICLE TOO CLOSE,0.0,177.0,30.0,274.3
796,399,person,PEDESTRIAN RISK,199.5,234.4,215.5,262.6
797,399,person,PEDESTRIAN RISK,203.1,243.0,215.0,263.0
802,399,person,PEDESTRIAN RISK,204.9,237.1,220.5,264.9
803,399,person,PEDESTRIAN RISK,205.9,236.7,221.0,265.4
804,399,person,PEDESTRIAN RISK,207.1,236.1,221.9,265.4
805,399,person,PEDESTRIAN RISK,208.6,236.5,223.2,265.9
806,399,person,PEDESTRIAN RISK,208.9,236.2,223.9,266.7
807,399,person,PEDESTRIAN RISK,209.5,236.8,224.5,267.1
808,399,person,PEDESTRIAN RISK,209.7,235.5,225.5,267.4
809,399,person,PEDESTRIAN RISK,210.9,235.6,226.7,267.5
810,399,person,PEDESTRIAN RISK,212.4,236.1,228.2,267.7
811,399,person,PEDESTRIAN RISK,213.6,236.1,229.6,268.1
812,399,person,PEDESTRIAN RISK,214.7,236.6,230.9,268.7
814,399,person,PEDESTRIAN RISK,216.4,238.1,231.5,268.6
815,399,person,PEDESTRIAN RISK,217.6,237.9,232.9,269.0
816,399,person,PEDESTRIAN RISK,218.1,236.8,233.7,269.1
818,399,person,PEDESTRIAN RISK,219.3,236.7,235.5,271.1
821,399,person,PEDESTRIAN RISK,220.6,239.0,235.6,271.8
822,399,person,PEDESTRIAN RISK,220.3,237.6,236.1,272.1
823,399,person,PEDESTRIAN RISK,221.1,237.5,236.5,271.4
823,422,person,FRONT OBJECT,335.6,234.4,344.8,264.8
823,422,person,PEDESTRIAN RISK,335.6,234.4,344.8,264.8
824,399,person,PEDESTRIAN RISK,219.8,237.4,236.2,272.5
825,399,person,PEDESTRIAN RISK,219.5,237.2,236.2,272.5
826,399,person,PEDESTRIAN RISK,219.2,236.1,236.7,272.5
827,399,person,PEDESTRIAN RISK,219.2,234.9,237.7,272.8
828,399,person,PEDESTRIAN RISK,220.1,234.3,239.0,273.3
829,399,person,PEDESTRIAN RISK,219.5,233.8,239.4,274.5
830,399,person,PEDESTRIAN RISK,219.8,233.0,239.9,274.1
831,399,person,PEDESTRIAN RISK,219.4,232.8,240.1,274.9
832,399,person,PEDESTRIAN RISK,219.9,231.9,240.9,275.2
833,399,person,PEDESTRIAN RISK,220.6,233.7,240.5,274.9
834,399,person,PEDESTRIAN RISK,220.2,234.1,239.5,274.4
835,399,person,PEDESTRIAN RISK,220.0,233.9,238.6,273.2
836,399,person,PEDESTRIAN RISK,219.4,233.8,238.1,273.8
837,399,person,PEDESTRIAN RISK,218.7,235.0,237.0,275.0
838,399,person,PEDESTRIAN RISK,218.0,234.5,236.5,275.4
839,399,person,PEDESTRIAN RISK,218.3,234.7,236.5,275.4
840,399,person,PEDESTRIAN RISK,217.7,234.8,236.0,276.1
841,399,person,PEDESTRIAN RISK,216.8,234.8,235.3,276.8
842,399,person,PEDESTRIAN RISK,215.6,234.4,234.9,277.5
843,399,person,PEDESTRIAN RISK,215.4,234.0,235.2,277.7
844,399,person,PEDESTRIAN RISK,215.4,235.3,235.0,277.9
845,399,person,PEDESTRIAN RISK,215.3,234.5,235.6,278.3
846,399,person,PEDESTRIAN RISK,215.7,236.2,235.7,278.9
847,399,person,PEDESTRIAN RISK,216.3,237.0,235.8,278.6
848,399,person,PEDESTRIAN RISK,214.8,236.8,235.1,279.2
849,399,person,PEDESTRIAN RISK,213.1,235.4,234.4,279.5
850,399,person,PEDESTRIAN RISK,210.5,233.1,233.0,280.0
851,399,person,PEDESTRIAN RISK,209.6,232.0,232.6,279.8
852,399,person,PEDESTRIAN RISK,208.0,231.5,231.2,280.0
853,399,person,PEDESTRIAN RISK,206.6,231.2,229.9,280.1
854,399,person,PEDESTRIAN RISK,203.9,232.1,227.3,280.6
855,399,person,PEDESTRIAN RISK,202.0,232.0,225.8,281.3
856,399,person,PEDESTRIAN RISK,200.8,232.2,224.7,281.8
857,399,person,PEDESTRIAN RISK,201.4,233.2,224.9,282.7
858,399,person,PEDESTRIAN RISK,201.1,232.9,224.6,283.3
859,399,person,PEDESTRIAN RISK,200.2,234.1,223.3,283.8
860,399,person,PEDESTRIAN RISK,199.9,234.8,222.8,284.4
861,399,person,PEDESTRIAN RISK,199.4,235.2,222.3,284.5
862,399,person,PEDESTRIAN RISK,198.2,234.9,221.6,285.0
863,399,person,PEDESTRIAN RISK,197.0,234.8,220.9,285.4
864,399,person,PEDESTRIAN RISK,195.4,232.6,221.0,286.4
865,399,person,PEDESTRIAN RISK,194.5,233.1,220.6,287.4
866,399,person,PEDESTRIAN RISK,193.3,234.2,219.2,287.8
867,399,person,PEDESTRIAN RISK,191.4,232.9,218.2,288.3
868,399,person,PEDESTRIAN RISK,190.0,233.1,216.9,289.1
869,399,person,PEDESTRIAN RISK,188.4,233.1,215.3,290.3
870,399,person,PEDESTRIAN RISK,188.1,234.8,213.7,290.5
871,399,person,PEDESTRIAN RISK,186.2,234.9,211.2,291.0
